-- phpMyAdmin SQL Dump
-- version 5.1.1
-- https://www.phpmyadmin.net/
--
-- Host: 127.0.0.1
-- Generation Time: Nov 16, 2021 at 11:32 AM
-- Server version: 10.4.21-MariaDB
-- PHP Version: 8.0.12

SET SQL_MODE = "NO_AUTO_VALUE_ON_ZERO";
START TRANSACTION;
SET time_zone = "+00:00";


/*!40101 SET @OLD_CHARACTER_SET_CLIENT=@@CHARACTER_SET_CLIENT */;
/*!40101 SET @OLD_CHARACTER_SET_RESULTS=@@CHARACTER_SET_RESULTS */;
/*!40101 SET @OLD_COLLATION_CONNECTION=@@COLLATION_CONNECTION */;
/*!40101 SET NAMES utf8mb4 */;

--
-- Database: `idsehat_db`
--

-- --------------------------------------------------------

--
-- Table structure for table `blogs`
--

CREATE TABLE `blogs` (
  `id` bigint(20) UNSIGNED NOT NULL,
  `category` varchar(255) COLLATE utf8mb4_unicode_ci NOT NULL,
  `title` varchar(255) COLLATE utf8mb4_unicode_ci NOT NULL,
  `slug` varchar(255) COLLATE utf8mb4_unicode_ci NOT NULL,
  `image` varchar(255) COLLATE utf8mb4_unicode_ci DEFAULT NULL,
  `body` text COLLATE utf8mb4_unicode_ci NOT NULL,
  `created_at` timestamp NULL DEFAULT NULL,
  `updated_at` timestamp NULL DEFAULT NULL
) ENGINE=InnoDB DEFAULT CHARSET=utf8mb4 COLLATE=utf8mb4_unicode_ci;

--
-- Dumping data for table `blogs`
--

INSERT INTO `blogs` (`id`, `category`, `title`, `slug`, `image`, `body`, `created_at`, `updated_at`) VALUES
(1, 'Jantung', 'Macam-Macam Penyakit Jantung, Gejala, dan Penyebabnya', 'macam-macam-penyakit-jantung', 'images/F7oB1lDtrwXx2EKwl3hXIUOvotp4crRGe52BcF9E.png', '<div>&nbsp; &nbsp; Jantung merupakan organ vital yang berfungsi untuk memompa dan mengalirkan darah ke seluruh tubuh, sehingga organ dan jaringan tubuh dapat menjalankan fungsinya dengan baik. Namun, beberapa hal bisa menyebabkan gangguan pada jantung dan membuat organ ini tidak berfungsi secara normal.</div><div>&nbsp; &nbsp; Ada banyak macam penyakit jantung yang bisa menimpa seseorang. Macam-macam penyakit jantung tersebut antara lain sebagai berikut.<br><br></div><div><strong>1. Penyakit jantung koroner</strong><br>&nbsp; &nbsp; Penyakit jantung koroner (PJK) terjadi ketika pembuluh darah arteri yang mengalirkan darah ke jantung mengeras dan mengalami penyempitan. Kondisi ini dipicu oleh penumpukan kolesterol dan pembekuan darah di dalam arteri (aterosklerosis). Penyempitan arteri ini menyebabkan aliran darah dan oksigen ke jantung menjadi berkurang, akibatnya organ tersebut tidak dapat berfungsi normal. Gejala yang muncul dari penyakit ini antara lain nyeri dada, sesak napas, keringat dingin, dada berdebar, dan mual. Nyeri dada akibat PJK bisa dirasakan menjalar hingga ke leher, rahang, tenggorokan, punggung, dan lengan. Jika dibiarkan tanpa penanganan, kondisi ini bisa menimbulkan komplikasi berupa serangan jantung.<br><br></div><div><strong>2. Serangan jantung</strong><br>&nbsp; &nbsp; Serangan jantung adalah kondisi darurat yang terjadi saat pasokan darah ke jantung terhambat secara total, sehingga sel-sel otot jantung mengalami kerusakan. Serangan jantung biasanya disebabkan oleh penyakit jantung koroner. Gejala yang muncul biasanya berupa nyeri dada, sesak napas, dan keringat dingin. Jika tidak segera ditangani, serangan jantung bisa menyebabkan kerusakan permanen pada organ tersebut. Bila kerusakan makin meluas, penderita serangan jantung dapat mengalami henti jantung mendadak.<br><br></div><div><strong>3. Gagal jantung</strong><br>&nbsp; &nbsp; Gagal jantung adalah kondisi jantung yang terlalu lemah untuk memompa darah ke seluruh tubuh. Bila berlangsung dalam jangka panjang, gagal jantung dapat memicu komplikasi serius yakni henti jantung, edema paru, gagal hati, dan gagal ginjal. Gagal jantung adalah penyakit jantung yang berkembang perlahan-lahan secara bertahap. Kondisi ini biasanya diawali oleh adanya penyakit penyerta lain, seperti tekanan darah tinggi, penyakit jantung koroner, diabetes, dan penyakit jantung bawaan. Gejala utama gagal jantung meliputi sesak napas dan batuk-batuk terutama saat berbaring, nyeri dada setelah beraktivitas fisik, cepat lelah, serta pembengkakan pada tungkai dan pergelangan kaki.<br><br></div><div><strong>4. Tumor jantung</strong><br>&nbsp; &nbsp; Tumor jantung adalah pertumbuhan jaringan abnormal pada dinding jantung. Tumor dapat bersifat kanker (ganas) atau non-kanker (jinak). Tumor ini dapat tumbuh di dinding otot jantung atau lapisan pelindung jantung (perikardium). Jika ukurannya semakin besar, otot ini bisa mendesak dinding jantung dan menyebabkan jantung sulit memompa darah. Sering kali tumor jantung tidak menunjukan gejala. Meski begitu, sebagian penderita tumor jantung bisa menunjukkan gejala ringan hingga berat. Gejalanya bisa meliputi sesak napas, pembengkakan di kaki, jantung berdebar tidak beraturan, kelelahan, tekanan darah rendah, pusing, pingsan, dan penurunan berat badan.<br><br></div><div><strong>Adakah Hal Lain yang Meningkatkan Risiko Penyakit Jantung?</strong><br>&nbsp; &nbsp; Seseorang dikatakan berisiko tinggi mengalami beberapa macam penyakit jantung di atas jika memiliki salah satu atau beberapa kondisi berikut ini:</div><ul><li>Hipertensi.</li><li>Diabetes.</li><li>Kolesterol tinggi.</li><li>Riwayat penyakit jantung dalam keluarga.</li><li>Berat badan berlebih atau obesitas.</li><li>Gaya hidup yang tidak sehat, seperti sering merokok, jarang berolahraga.</li><li>Memiliki sistem kekebalan tubuh yang lemah, misalnya infeksi HIV, menggunakan obat-obatan penekan sistem kekebalan tubuh, atau menjalani pengobatan kemoterapi.</li></ul><div>&nbsp; &nbsp; Sebagian besar penyakit jantung tidak bisa disembuhkan, sehingga penderitanya perlu menjalani pengobatan seumur hidup. Meski demikian, penyakit jantung dapat dikendalikan agar tidak semakin parah dengan menjalani gaya hidup sehat dan mengonsumsi obat-obatan.<br><br></div><div>Jika gangguan pada jantung cukup parah, maka mungkin diperlukan operasi jantung. Oleh sebab itu, lakukan pemeriksaan jantung secara rutin ke dokter jantung, terutama bila Anda memiliki faktor risiko untuk terkena penyakit jantung. Tujuannya adalah agar dokter dapat mendeteksi sejak dini bila ada kelainan pada jantung Anda.<br><br></div>', '2021-11-01 10:59:04', '2021-11-01 10:59:04'),
(2, 'Paru-paru', 'Masalah Paru-paru yang Paling Rentan Mengintai Perokok Aktif', 'masalah-paru-paru-perokok', 'images/PnSvoKRohCtBiI6TgC448oLwWN9B2v3M7LMjidg1.png', '<div>&nbsp; &nbsp; Ada banyak bahaya merokok bagi kesehatan paru, bahkan hingga menimbulkan penyakit tertentu. Kebanyakan penyakit tersebut bersifat kronis dan membutuhkan penanganan yang cukup lama. Situs Centers for Disease Control (CDC) menyebutkan bahwa perokok memiliki kemungkinan 12-13 kali lebih tinggi untuk meninggal akibat penyakit paru obstruktif kronis (PPOK) dibandingkan mereka yang bukan perokok. Berikut ini ulasan tentang berbagai penyakit paru-paru yang umumnya dialami para perokok.<br><br></div><div><strong>1. Bronkitis kronis</strong><br>&nbsp; &nbsp; Bronkitis merupakan bagian dari penyakit paru obstruktif kronis (PPOK). Penyakit ini menandakan adanya peradangan pada lapisan tabung bronkial (saluran yang membawa udara ke dan dari paru). Peradangan tersebut menyebabkan lendir terlalu lengket hingga akhirnya menghambat aliran udara yang masuk dan keluar dari paru-paru. Lambat laun, aliran udara jadi semakin buruk dan mengakibatkan sulit bernapas.<br><br></div><div><strong>2. Emfisema</strong><br>&nbsp; &nbsp; Selain bronkitis, paru-paru perokok aktif juga bisa terkena penyakit emfisema. Penyakit ini menandakan bahwa alveoli (kantung udara pada paru) rusak, melemah, dan akhirnya pecah. Kondisi ini mengurangi luas permukaan paru dan jumlah oksigen yang dapat mencapai aliran darah. Orang dengan emfisema cenderung kesulitan untuk bernapas ketika melakukan aktivitas berat atau berolahraga karena paru kehilangan kelenturannya.<br><br></div><div><strong>3. Kanker paru</strong><br>&nbsp; &nbsp; Masalah lain yang tak kalah serius dan sangat rentan menyerang paru-paru perokok aktif adalah kanker paru. Zat kimia pada rokok yang masuk ke tubuh kemungkinan besar merangsang pertumbuhan sel pada paru jadi tidak normal. Jika Anda sudah memiliki bronkitis atau emfisema, risiko terkena kanker paru-paru jadi lebih tinggi.<br><br></div><div><strong>4. Pneumonia</strong><br>&nbsp; &nbsp; Pneumonia menandakan adanya infeksi pada kantung udara di paru, entah itu karena bakteri, virus, atau jamur. Namun, jika Anda perokok aktif, kebiasaan ini dapat menurunkan sistem imun untuk melawan patogen penyebab pneumonia. Menjadi perokok aktif membuat Anda lebih mungkin terkena pneumonia jika Anda juga sudah memiliki PPOK, seperti bronkitis atau emfisema.<br><br></div><div><strong>Bagaimana cara membersihkan paru-paru khususnya bagi perokok?</strong><br><br></div><div>&nbsp; &nbsp; Paru-paru adalah organ yang dapat membersihkan dirinya sendiri setelah tidak lagi terpapar polutan. Namun, kabar baiknya, ada beberapa cara yang dapat membantu Anda membersihkannya. American Lung Association memaparkan beberapa cara yang dapat dilakukan untuk membersihkan paru-paru perokok.<br><br></div><div><strong>Berhenti merokok</strong><br>&nbsp; &nbsp; Ini merupakan cara paling efektif yang bisa Anda lakukan untuk mencegah kerusakan paru-paru. Tak berpengaruh apakah Anda baru merokok selama tiga hari atau 30 tahun, berhenti merokok merupakan langkah pertama untuk mendapatkan paru-paru yang lebih sehat. Anda bisa melakukan cara alami untuk berhenti merokok, minum obat-obatan untuk berhenti merokok, mengikuti terapi berhenti merokok, mengikuti terapi pengganti nikotin, serta menjalani terapi hipnotis.<br><br></div><div><strong>Perbaiki pola makan</strong><br>&nbsp; &nbsp; Memperbaiki asupan yang masuk ke dalam tubuh Anda juga dapat membantu membersihkan paru-paru, khususnya bagi Anda yang mengidap penyakit kronis. Makanan kaya antioksidan dapat menjadi pilihan untuk Anda. Tak hanya itu, makanan dengan kandungan vitamin dan nutrisi penting lainnya juga mampu menjaga kesehatan fisik dan mental Anda.<br><br></div><div><strong>Olahraga teratur</strong><br>&nbsp; &nbsp; Anda perlu memasukkan olahraga sebagai kegiatan rutin, meskipun Anda mengalami penyakit kronis. Lakukan olahraga dengan jenis dan jumlah yang tepat untuk Anda. Pastikan untuk bertanya kepada dokter terlebih dahulu sebelum menetapkan rutinitas olahraga.<br><br></div><div><strong>Perbaiki kualitas udara</strong><br>&nbsp; &nbsp; Kualitas udara merupakan faktor penting dalam kesehatan paru-paru. Oleh karena itu, bersihkan lingkungan sekitar Anda secara berkala demi mendapatkan kualitas udara terbaik. Menjaga kesehatan paru-paru penting dilakukan untuk menjalani kehidupan yang lebih berkualitas. Jauhkan rokok secepatnya dan jangan ragu meminta bantuan jika Anda mengalami kesulitan.<br><br></div>', '2021-11-01 11:03:46', '2021-11-01 11:03:46'),
(3, 'Lambung', 'Macam-Macam Penyakit pada Lambung', 'macam-macam-penyakit-lambung', 'images/3uafM4m754rESHKGWaJyJtfBdhVygtGekIadnAuq.png', '<div>&nbsp; &nbsp; Memiliki peranan yang sangat penting untuk menyimpan dan memecah makanan atau minuman, membuat kesehatan lambung perlu dijaga. Jika tidak, maka fungsi lambung tidak akan berjalan normal, dan bisa mengundang beragam penyakit lambung.<br>&nbsp; &nbsp; &nbsp;Jika fungsi lambung mengalami gangguan, biasanya seseorang akan merasakan beberapa gejala seperti kembung, mual, muntah, nyeri pada bagian ulu hati, dan nyeri perut atas yang muncul setelah mengonsumsi makanan atau minuman tertentu. Oleh karena itu, jagalah kesehatan lambung Anda agar terhindar dari macam-macam penyakit berikut ini.<br><br></div><div><strong>1. Gastritis</strong><br>&nbsp; &nbsp; merupakan peradangan pada lambung akibat asam lambung yang merusak lapisan pelindung dinding lambung. Gastritis dapat melukai dinding lambung jika lapisan lambung sudah terkikis habis terkena asam lambung, sehingga menimbulkan nyeri lambung, pendarahan, dan tukak lambung. Beberapa penyebab gastritis yaitu berlebihan mengonsumsi minuman yang mengandung alkohol atau kafein, mengalami stres, efek samping obat seperti ibuprofen atau aspirin, bahkan infeksi atau gangguan autoimun.<br>&nbsp; &nbsp; Gastritis terkadang tidak menimbulkan gejala apa pun. Tapi, sebagian orang dapat mengalami gejala seperti mudah merasa kenyang, perut terasa sakit, muntah, dan mual.<br><br></div><div><strong>2. GERD (Gastroesophageal Reflux Disease)</strong><br>&nbsp; &nbsp; atau dikenal dengan istilah penyakit refluks asam lambung adalah kondisi di mana asam lambung beserta isi lambung naik ke esofagus atau kerongkongan, hingga menimbulkan iritasi pada dinding esofagus dan nyeri ulu hati. Kondisi ini membuat penderitanya merasa kembung, terasa asam di rongga mulut akibat asam lambung yang naik, bagian dada serta tenggorokan terasa nyeri dan tersumbat, cegukan, bersendawa, batuk kering, hingga sulit untuk menelan makanan.<br>&nbsp; &nbsp; Beberapa faktor yang meningkatkan risiko terjadinya GERD adalah kebiasaan mengonsumsi minuman beralkohol, teh dan kopi; suka merokok; tidur setelah makan; dan kelebihan berat badan. Jika dibiarkan, maka ini kondisi bisa bertambah parah.<br>&nbsp; &nbsp; Asam lambung bisa mengiritasi dinding esofagus sehingga terjadi peradangan, pendarahan, penyempitan esofagus akibat jaringan parut dari luka yang mengering, bahkan meningkatkan risiko terjadinya kanker esofagus.<br><br></div><div><strong>3. Tukak Lambung</strong><br>&nbsp; &nbsp; Tukak lambung adalah luka yang terdapat pada dinding lambung akibat terkikisnya lapisan lambung. Luka ini juga bisa muncul pada bagian atas usus kecil. Penyebab yang paling umum adalah infeksi bakteri Helicobacter pylori dan penggunaan obat antiinflamasi nonsteroid, seperti aspirin, dalam jangka panjang.<br>&nbsp; &nbsp; Jika Anda menyukai makanan pedas, merokok, ataupun mengonsumsi minuman beralkohol, maka Anda harus membatasinya. Sebab, hal-hal tersebut dapat memperburuk gejala yang ada. Gejalanya yaitu nyeri berat pada bagian ulu hati, perut kembung, bersendawa, nafsu makan berkurang, penurunan berat badan, cepat kenyang, mual dan muntah, perut terasa tidak nyaman setelah mengonsumsi makanan berlemak, serta BAB berdarah.<br><br></div><div><strong>4. Tumor jantung</strong><br>&nbsp; &nbsp; Tumor jantung adalah pertumbuhan jaringan abnormal pada dinding jantung. Tumor dapat bersifat kanker (ganas) atau non-kanker (jinak). Tumor ini dapat tumbuh di dinding otot jantung atau lapisan pelindung jantung (perikardium). Jika ukurannya semakin besar, otot ini bisa mendesak dinding jantung dan menyebabkan jantung sulit memompa darah. Sering kali tumor jantung tidak menunjukan gejala. Meski begitu, sebagian penderita tumor jantung bisa menunjukkan gejala ringan hingga berat. Gejalanya bisa meliputi sesak napas, pembengkakan di kaki, jantung berdebar tidak beraturan, kelelahan, tekanan darah rendah, pusing, pingsan, dan penurunan berat badan.<br><br></div><div><strong>5. Kanker Lambung</strong><br>&nbsp; &nbsp; Penyakit lambung lainnya yang berbahaya adalah kanker lambung. Kanker ini terjadi ketika sel-sel kanker terbentuk di lapisan lambung Anda. Sel-sel ini bisa tumbuh menjadi tumor, dan biasanya tumbuh secara perlahan selama bertahun-tahun.<br>&nbsp; &nbsp; Penyebab pasti penyakit ini belum diketahui secara pasti. Akan tetapi, terdapat beberapa faktor yang bisa meningkatkan risiko Anda terkena kanker lambung, di antaranya adalah infeksi bakteri H. pylori, merokok, obesitas, berusia di atas 55 tahun, kebiasaan mengonsumsi daging merah, garam, dan jarang mengonsumsi serat.<br><br></div>', '2021-11-01 11:07:03', '2021-11-01 11:07:03'),
(4, 'Liver', 'Penyakit Hati (Liver) yang Perlu Diketahui', 'penyakit-hati-liver', 'images/RaaW5DHAF4gUul1NIV4lCJ3bPKGWPNG47TCOLKhY.png', '<div>&nbsp; &nbsp; Hati merupakan salah satu organ dalam tubuh yang memiliki tugas penting untuk menjalankan fungsi seluruh tubuh. Fungsi pentingnya sendiri banyak berurusan dengan bahan-bahan yang berpotensi merusak organ-organ dalam tubuh, seperti bahan-bahan kimia dalam darah. Akibatnya, hati rentan mengalami kerusakan. Namun, organ yang satu ini memiliki kemampuan melindungi diri dengan cara meregenerasi. Berikut ini beberapa penyakit hati yang perlu kamu ketahui.<br><br></div><div><strong>1. Hepatitis</strong><br>&nbsp; &nbsp; merupakan penyakit peradangan hati yang paling umum menyerang organ satu ini. Hepatitis A, B, C, D, E, serta hepatitis autoimun merupakan jenis yang umum terjadi yang umumnya disebabkan oleh adanya infeksi virus pada hati. Sebelum virus hepatitis menimbulkan gejala pada pengidapnya, virus ini biasanya akan melewati masa inkubasi.<br>&nbsp; &nbsp; Jika sudah melewati masa tersebut, gejala yang muncul meliputi muah, muntah, demam, mengalami kelemasan, feses berwarna pucat, nyeri perut, penurunan berat badan, warna urine menjadi lebih gelap, serta kehilangan nafsu makan.<br><br></div><div><strong>2. Hemokromatosis</strong><br>&nbsp; &nbsp; Penyakit yang satu ini terjadi ketika kadar zat besi dalam tubuh terlalu berlebihan. Akibatnya, zat besi akan menumpuk dalam organ tubuh dan memicu timbulnya penyakit serius, seperti gagal jantung. Zat besi sendiri merupakan mineral penting bagi tubuh yang berfungsi sebagai penghasil hemoglobin yang digunakan untuk mengikat dan mengalirkan oksigen ke seluruh tubuh.<br>&nbsp; &nbsp; Umumnya, pengidap hemokromatosis akan mengalami serangkaian gejala, seperti lemas, nyeri sendi, sakit perut, rontoknya rambut pada tubuh, penurunan berat badan, jantung berdebar, warna kulit menjadi keabuan, serta penurunan gairah seksual. Jika gejala dibiarkan begitu saja, radang sendi, diabetes, impotensi, dan gagal jantung bisa saja terjadi.<br><br></div><div><strong>3. Sirosis</strong><br>&nbsp; &nbsp; Sirosis merupakan kondisi ketika organ hati rusak akibat terbentuknya jaringan parut, karena infeksi virus hepatitis atau kecanduan alkohol. Infeksi virus atau kecanduan alkohol dapat mencederai organ hati secara perlahan. Kemudian, organ hati akan memperbaiki cedera dengan membentuk jaringan parut yang akan mengganggu fungsi hati jika tumbuh semakin banyak.<br><br></div><div><strong>4. Kanker Hati</strong><br>&nbsp; &nbsp; Kanker hati merupakan kanker yang berasal dari bagian lain dalam tubuh yang menyebar ke organ hati. Penyakit yang satu ini ditandai dengan gatal-gatal, kehilangan nafsu makan, mual dan muntah, penurunan berat badan, tubuh mengalami kelelahan, urine berwarna gelap, sakit kuning, tubuh mudah memar, tinja berwarna putih, serta pembengkakan organ hati.<br><br></div><div><strong>5. Abses Hati</strong><br>&nbsp; &nbsp; Abses hati merupakan penyakit pada hati, ketika terbentuknya lubang-lubang kecil pada hati yang berisi nanah. Hal ini terjadi karena adanya infeksi bakteri atau parasit. Abses hati ditandai dengan gejala demam, menggigil, berkeringat, mual, muntah, diare, dan sakit perut bagian atas kanan.<br><br></div>', '2021-11-01 11:09:21', '2021-11-01 11:09:21'),
(5, 'Ginjal', 'Macam-Macam Penyakit Ginjal yang Perlu Diwaspadai', 'macam-macam-penyakit-ginjal', 'images/c1onq8zL49W6W51m5jpC6aW8aFrxpiF4Wme2i8Ih.png', '<div>&nbsp; &nbsp; Ginjal merupakan sepasang organ yang memiliki peran penting dalam tubuh manusia. Fungsi ginjal adalah untuk menyaring limbah, racun, dan cairan berlebih yang ada di dalam darah, lalu mengeluarkannya melalui urine. Organ ini juga bertugas untuk mengontrol tekanan darah, elektrolit, dan keasaman (pH) darah agar tetap stabil, mengatur produksi sel darah merah, serta menjaga kekuatan kekuatan tulang.<br>&nbsp; &nbsp; Ketika fungsi ginjal terganggu akibat penyakit ginjal tertentu, kinerja berbagai organ tubuh akan bermasalah. Ada beberapa faktor yang dapat meningkatkan risiko seseorang untuk terkena penyakit ginjal, di antaranya:</div><ul><li>Penyakit tertentu, seperti diabetes, tekanan darah tinggi, penyakit jantung, dan penyakit autoimun</li><li>Cedera berat pada ginjal</li><li>Efek samping obat-obatan</li><li>Riwayat penyakit ginjal dalam keluarga</li><li>Usia lebih dari 60 tahun</li><li>Kebiasaan merokok dan mengonsumsi minuman beralkohol</li></ul><div>Ada beberapa penyakit ginjal yang umum terjadi, yaitu:<br><br></div><div><strong>1. Batu ginjal</strong><br>&nbsp; &nbsp; Batu ginjal merupakan salah satu macam penyakit ginjal yang sering terjadi. Kondisi ini terjadi ketika zat tertentu di dalam ginjal menumpuk, mengendap, dan membentuk gumpalan keras menyerupai batu. Zat-zat tersebut bisa berupa kalsium, oksalat, dan asam urat. Seseorang berisiko terkena batu ginjal apabila ia memiliki beberapa faktor risiko, seperti kurang minum air putih, sering mengonsumsi makanan asin dan manis, memiliki penyakit tertentu, semisal hiperparatiroidisme dan infeksi saluran kemih.<br>&nbsp; &nbsp; Batu ginjal yang berukuran kecil biasanya tidak menimbulkan gejala. Namun, jika ukuran batu ginjal sudah besar dan menyumbat atau melukai dinding saluran kemih, maka dapat timbul beberapa gejala sering buang air kecil, nyeri saat buang air kecil, sakit pinggang yang menjalar ke punggung, serta urine berwarna seperti teh.<br>&nbsp; &nbsp; Penyakit batu ginjal yang ringan biasanya dapat diobati dengan banyak minum air putih dan mengonsumsi obat-obatan untuk meredakan nyeri, mengatasi infeksi pada saluran kemih, serta obat untuk membantu pengeluaran batu ginjal.<br>&nbsp; &nbsp; Untuk menangani batu ginjal yang besar atau jumlahnya banyak, biasanya diperlukan tindakan medis oleh dokter, seperti operasi untuk membuang batu ginjal, bedah ureteroskopi atau pembedahan untuk menghancurkan batu ginjal menggunakan alat khusus yang dipasang lewat saluran kemih, serta ESWL.<br><br></div><div><strong>2. Gagal ginjal kronis</strong><br>&nbsp; &nbsp; Gagal ginjal kronis adalah penurunan fungsi ginjal yang berlangsung selama lebih dari 3 bulan. Gagal ginjal kronis bisa disebabkan oleh gagal ginjal akut yang tidak ditanggani, efek samping obat-obatan, hingga penyakit tertentu, seperti diabetes dan hipertensi.<br>&nbsp; &nbsp; Jika masih dalam wahap awal, gagal ginjal kronis biasanya tidak menimbulkan gejala. Namun, jika sudah berkembang menjadi semakin parah, gagal ginjal kronis dapat menimbulkan beberapa gejala berupa pembengkakan di kaki, lemas, pucat, nafsu makan hilang, mual, gatal-gatal, kram otot, sulit tidur, dan sesak napas.<br>&nbsp; &nbsp; Penderita gagal ginjal kronis membutuhkan perawatan di rumah sakit. Selama perawatan, dokter dapat memberikan obat-obatan untunk memperbaiki fungsi ginjal dan menyarankan pasien untuk menjalani cuci darah. Untuk menangani gagal ginjal stadium akhir, dokter biasanya perlu melakukan operasi transplantasi ginjal.<br><br></div><div><strong>3. Tumor ginjal</strong><br>&nbsp; &nbsp; Tumor ginjal adalah benjolan yang muncul di ginjal akibat pertumbuhan sel abnormal. Tumor ginjal yang berukuran kecil biasanya bersifat jinak, sedangkan yang berukuran besar biasanya bersifat ganas dan dapat menyebabkan kanker ginjal.<br>&nbsp; &nbsp; Sebagian besar tumor ginjal tahap awal biasanya tidak menimbulkan gejala. Jika muncul gejala, biasanya tidak spesifik dan bisa menyerupai penyakit ginjal lainnya. Pengobatan tumor ginjal tergantung pada ukuran, tahapan, pertumbuhan, dan perkembangan tumor itu sendiri.<br>&nbsp; &nbsp; Tahap awal pengobatannya adalah dengan observasi penuh untuk mencegah pertumbuhan tumor dan mempertahankan fungsi ginjal. Pada tahap lanjut, tumor ginjal memerlukan terapi dengan obat-obatan dan operasi.<br><br></div><div><strong>Pemeriksaan Macam-Macam Penyakit Ginjal</strong><br><br></div><div>&nbsp; &nbsp; Sebagian penyakit ginjal ada yang tidak menimbulkan gejala di tahap awal dan baru menimbulkan gejala ketika sudah menjadi parah. Oleh sebab itu, Anda dianjurkan untuk rutin melakukan pemeriksaan ginjal atau menjalani general check up ke dokter.<br>&nbsp; &nbsp; Ketika mengevaluasi fungsi ginjal, dokter akan melakukan pemeriksaan fisik beserta pemeriksaan fungsi ginjal melalui tes darah dan urine, serta pemeriksaan penunjang lain, seperti Roentgen ginjal, pielografi, USG, dan CT-scan atau MRI ginjal.<br>&nbsp; &nbsp; Macam-macam penyakit ginjal yang dibiarkan atau tidak diobati dengan tepat, lambat laun akan menyebabkan kerusakan permanen pada ginjal dan mengakibatkan gagal ginjal berat. Hal in dapat berisiko tinggi membahayakan nyawa penderitanya.<br>&nbsp; &nbsp; Jika gagal ginjal yang terjadi sudah berat atau sama sekali sudah membuat ginjal tidak berfungsi, maka penderita kondisi ini akan membutuhkan terapi cuci darah seumur hidup atau menjalani transplantasi ginjal.<br>&nbsp; &nbsp; Oleh karena itu, Anda sebaiknya tidak mengabaikan gejala penyakit ginjal yang muncul dan jangan lupa untuk rutin memeriksakan diri ke dokter agar penyakit ginjal bisa terdeteksi sejak dini.<br><br></div>', '2021-11-01 11:18:13', '2021-11-01 11:18:13'),
(6, 'Kemih', 'Kandung Kemih Rentan Terhadap Penyakit, Ini Jenis-jenisnya', 'penyakit-kandung-kemih', 'images/RdRmbMrKE8aVb34bDU9kTCb7B5frgaxWoUy7AlBb.png', '<div>&nbsp; &nbsp; Kandung kemih merupakan organ berbentuk kantung, terdiri dari otot dan terletak di dalam rongga panggul, yang berfungsi untuk menampung air seni. Pada saat kosong, kandung kemih mengkerut dan berbentuk seperti buah pir. Kandung kemih yang sehat dapat menahan air seni, hingga saatnya dikeluarkan. Namun seperti organ tubuh lainnya, kandung kemih dapat mengalami masalah. Beberapa penyakit kandung kemih yang umum terjadi antara lain infeksi kandung kemih dan kanker kandung kemih.<br><br></div><div><strong>Penyakit kandung kemih yang umum terjadi</strong><br>&nbsp; &nbsp; Rasa ingin buang air kecil ini terjadi, saat kandung kemih terisi seperempat penuh. Ketika terisi, lapisan otot kandung kemih meregang dan menipis. Kondisi ini menyebabkan kandung kemih membesar dan dapat menampung air seni, kurang lebih 400-600 mL. Jika mengalami gangguan, kandung kemih tidak dapat berfungsi sebagaimana mestinya. Setidaknya ada 10 penyakit yang bisa terjadi pada kandung kemih.<br><br></div><div><strong>1. Infeksi atau radang kandung kemih (Cystitis)</strong><br>Peradangan atau infeksi kandung kemih dapat menyebabkan nyeri akut maupun kronik, ketidaknyamanan, dan seringnya berkemih (frekuensi) atau sulit memulai berkemih.<br><br></div><div><strong>2. Batu saluran kemih</strong><br>Pembentukan batu dapat terjadi di ginjal dan akhirnya berpindah ke kandung kemih. Apabila dalam proses perpindahannya, batu saluran kemih ini menghambat aliran air seni dari ginjal menuju ke kandung kemih, nyeri yang hebat dapat dirasakan oleh penderita.<br><br></div><div><strong>3. Kanker kandung kemih</strong><br>Kanker kandung kemih biasanya dicurigai setelah adanya gejala air seni yang berdarah (hematuria). Merokok dan paparan terhadap bahan kimia merupakan penyebab tersering dari kanker kandung kemih.</div><div><br></div><div><strong>4. Inkontinensia urine</strong></div><div>Ini merupakan suatu kondisi kronik yang terjadi ketika air seni keluar tanpa disadari, atau tidak dapat dikontrol.<br><br></div><div><strong>5. Kandung kemih overaktif</strong><br>Penyebab dari kondisi ini adalah otot kandung kemih yang berkontraksi, di luar kendali. Hal ini menyebabkan dorongan tiba-tiba untuk membuang air seni dan inkontinensia urine.<br><br></div><div><strong>6. Hematuria</strong></div><div>Air seni yang berdarah seringkali tidak berbahaya. Namun beberapa kondisi seperti infeksi dan kanker kandung kemih, dapat menyebabkan hematuria.<br><br></div><div><strong>7. Retensi urine</strong></div><div>Air seni tidak dapat keluar dari kandung kemih karena adanya halangan atau tekanan aktivitas otot kandung kemih. Kandung kemih dapat membesar apabila menahan urine dalam jumlah banyak.<br><br></div><div><strong>8. Sistokel</strong></div><div>Lemahnya otot panggul menyebabkan kandung kemih menekan vagina. Hal ini dapat menimbulkan gangguan dalam buang air kecil.<br><br></div><div><strong>9. Mengompol (nocturnal enuresis)</strong></div><div>Yang dimaksud mengompol di sini adalah keluarnya urine anak berusia 5 tahun atau lebih saat tidur, dengan intensitas 1-2 kali dalam seminggu, selama 3 bulan.<br><br></div><div><strong>10. Disuria</strong></div><div>Disuria adalah nyeri atau rasa tidak nyaman pada saat mengeluarkan air seni. Disuria dapat disebabkan oleh infeksi, iritasi, maupun inflamasi dari kandung kemih, uretra, atau alat kelamin luar.<br><br></div><div><strong>Peran kandung kemih</strong></div><div>&nbsp; &nbsp; Selain berfungsi untuk menampung urine, kandung kemih juga berfungsi mengontrol keluarnya air seni. Pada saat air seni dikeluarkan, otot kandung kemih berkontraksi dan dua katup terbuka untuk mengalirkan air seni ke uretra. Mengingat pentingnya peran kandung kemih bagi tubuh, jangan lupa untuk selalu menjaga kesehatan. Apabila merasa mengalami gangguan pada kandung kemih, segera berkonsultasi dengan dokter, untuk mendapatkan penanganan yang tepat.<br><br></div><div><strong>Pemeriksaan untuk diagnosis masalah di kandung kemih</strong></div><div>&nbsp; &nbsp; Bila mengalami beberapa keluhan di atas, segera datang ke dokter terdekat, untuk mendapatkan penanganan lebih lanjut. Berikut ini beberapa uji diagnostik yang mungkin disarankan dokter, untuk mendiagnosis keluhan yang Anda rasakan.<br><br></div><div><strong>1. Urinalisis</strong></div><div>Ini merupakan tes dasar dan rutin untuk melihat kemungkinan gangguan pada ginjal atau kandung kemih. Pada urinalisis ,air seni akan diperiksa secara visual menggunakan dipstick (strip plastik tipis), dan diuji di bawah mikroskop.<br><br></div><div><strong>2. Sistoskopi</strong></div><div>Ini adalah prosedur visual dengan menggunakan tabung kecil berkamera, yang dimasukkan ke dalam uretra hingga kandung kemih. Jika diperlukan, dokter akan melakukan biopsi dengan mengambil sampel kandung kemih dan uretra, yang dapat dikeluarkan selama sistokopi. Selanjutnya, sampel akan diperiksa di bawah mikroskop, untuk menyingkirkan adanya kanker kandung kemih.<br><br></div><div><strong>3. Tes urodinamik</strong></div><div>Pemeriksaan ini terdiri dari beberapa tes yang antara lain mengukur kapasitas kandung kemih, aliran air seni, dan tekanan air seni.<br><br></div><div><strong>Cara mengobati infeksi saluran kemih</strong></div><div>&nbsp; &nbsp; Cara mengobati infeksi saluran kemih yang umumnya diberikan oleh dokter adalah menggunakan antibiotik untuk membunuh bakteri dan menuntaskan infeksi yang terjadi. Pastikan Anda menghabiskan antibiotik yang diresepkan dokter dengan benar bahkan setelah kondisi mulai membaik. Membersihkan bakteri yang ada di area berkemih merupakan langkah penanganan yang paling penting terhadap penyakit ini. Jika tidak dilakukan secara tuntas, bakteri akan rentan kembali menginfeksi saluran kemih Anda dan menguatkan serangan bakteri, yang menyebabkan terjadinya resistensi antibiotik. Pastikan Anda mendapatkan antibiotik sesuai dengan resep dokter. Minum banyak air putih juga penting Anda lakukan agar bakteri bisa hilang dari sistem saluran kemih. Dokter juga biasanya meresepkan obat untuk meredakan rasa sakit, serta penurun demam jika memang ada keluhan nyeri dan demam selama infeksi saluran kemih terjadi. Apabila kondisi ini terjadi sebanyak tiga kali dalam setahun atau lebih, segera periksakan diri ke dokter untuk merekomendasikan rencana perawatan khusus.<br><br></div>', '2021-11-01 11:22:42', '2021-11-01 11:22:42'),
(7, 'Usus', 'Jaga Kesehatan Usus, Ini Bedanya Radang Usus dan Radang Usus Besar', 'radang-usus-dan-radang-usus-besar', 'images/MeLZm3RBi3ci6AeBh9YLTydoyLOJqBvCbWzJ7XM2.png', '<div>&nbsp; &nbsp; Ternyata penyakit radang usus dan radang usus besar memiliki perbedaan. Kedua gangguan usus ini pun memiliki beberapa gejala yang hampir sama, yaitu sakit pada perut. Namun, kamu perlu mengetahui perbedaan kedua gangguan usus ini, supaya kamu bisa mengambil langkah penanganan yang tepat.<br><br></div><div><strong>Radang Usus</strong><br>&nbsp; &nbsp; Gangguan radang usus merupakan kondisi ketika usus mengalami inflamasi atau peradangan. Radang usus biasanya juga digunakan untuk menjelaskan dua jenis penyakit, yaitu kolitis ulseratif dan penyakit Crohn. Kedua kondisi ini merupakan akibat dari peradangan kronis pada bagian gastrointestinal (sistem pencernaan). Kondisi ini muncul karena reaksi keliru dari sistem kekebalan tubuh terhadap jaringan pencernaan yang normal dan sehat. Kondisi kolitis ulseratif merupakan peradangan kronis yang terbatas pada usus besar atau kolon saja. Sementara gangguan Crohn merupakan peradangan yang dapat terjadi di seluruh sistem pencernaan, mulai dari mulut hingga ke anus. Radang usus diketahui sebagai penyakit jangka panjang dengan gejala yang bisa muncul dan menghilang selama beberapa waktu. Tingkat keparahan gejala yang muncul tergantung pada bagian mana saja yang mengalami peradangan. Beberapa gejala yang biasa terjadi di antaranya:</div><ul><li>Nyeri atau sakit pada perut.</li><li>Berkurangnya nafsu makan.</li><li>Berat badan menurun.</li><li>Diare bercampur darah.</li><li>Merasa mudah lelah.</li><li>Mengalami mual dan demam.</li></ul><div><strong>Radang Usus Besar</strong></div><div>&nbsp; &nbsp; Radang usus besar atau dalam istilah medis dinamakan pancolitis belum diketahui penyebab pastinya. Penyebab paling umum dari radang usus besar adalah kolitis ulseratif. Kondisi ini juga bisa disebabkan oleh infeksi C difficile. Selain itu, kondisi ini sering kali dikaitkan dengan gangguan peradangan umum seperti rheumatoid arthritis.</div><div>&nbsp; &nbsp; Pembentukan batu dapat terjadi di ginjal dan akhirnya berpindah ke kandung kemih. Apabila dalam proses perpindahannya, batu saluran kemih ini menghambat aliran air seni dari ginjal menuju ke kandung kemih, nyeri yang hebat dapat dirasakan oleh penderita.<br>Sementara itu, gejala radang usus besar yang perlu kamu ketahui adalah:</div><ul><li>Nyeri perut dan kram.</li><li>Mual dan muntah.</li><li>Diare.</li><li>Perdarahan anus.</li><li>Kram/kejang otot.</li><li>Demam dan kelelahan.</li><li>Berkurangnya nafsu makan.</li><li>Berat badan menurun.</li></ul><div>&nbsp; &nbsp; Seiring dengan berjalannya waktu, peradangan pada lapisan usus menyebabkan luka. Dinding usus besar kemudian kehilangan kemampuan untuk mengolah makanan, sisa makanan untuk dibuang, dan menyerap air. Kondisi-kondisi ini dapat menyebabkan diare. Luka kecil yang berkembang di usus kemudian menyebabkan sakit perut dan BAB berdarah. Berkurangnya nafsu makan, kelelahan, dan penurunan berat badan pada akhirnya dapat memicu anoreksia. Gejala lain juga dapat dipengaruhi oleh peradangan usus besar ini, termasuk adanya nyeri sendi (lutut, pergelangan kaki, dan pergelangan tangan). Tidak menutup kemungkinan gejala pancolitis juga dapat memengaruhi mata. Apabila gangguan radang usus besar tidak segera diobati dengan baik, dapat menyebabkan komplikasi fatal seperti perdarahan parah, perforasi usus (perlubangan usus), usus hipertrofik (peregangan usus), hingga radang selaput perut. Radang usus besar juga membuat kamu berisiko lebih tinggi untuk terkena kanker usus besar.<br><br></div>', '2021-11-01 11:25:44', '2021-11-01 11:25:44'),
(8, 'Otak', 'Macam-Macam Infeksi Otak dan Faktor Risikonya', 'macam-macam-infeksi-otak', 'images/cfuXGOCYJqI3vuAlSGYcO27Z9pMbs9SxBWpXAAjy.png', '<div>&nbsp; &nbsp; Infeksi otak adalah kondisi saat otak atau jaringan di sekitarnya terinfeksi virus, bakteri, jamur, atau parasit. Gangguan yang muncul akibat infeksi otak tergantung pada bagian otak yang terkena infeksi. Namun, sebagian besar kasus infeksi otak bisa menimbulkan komplikasi berbahaya jika tidak segera diobati. Infeksi otak dapat menimbulkan beragam gangguan bagi penderitanya. Pasalnya, otak merupakan salah satu organ paling kompleks dan berperan penting dalam mengendalikan banyak fungsi tubuh, mulai dari pergerakan, mengatur refleks dan koordinasi tubuh, berpikir, berkonsentrasi, hingga menentukan sikap dan perilaku.<br>&nbsp; &nbsp; Infeksi otak bisa memengaruhi berbagai organ lain, sehingga menghasilkan gejala yang berbeda-beda. Berikut ini adalah beberapa jenis infeksi otak berdasarkan lokasi terjadinya infeksi dan penyebabnya:<br><br></div><div><strong>1. Meningitis</strong><br>&nbsp; &nbsp; Meningitis adalah peradangan yang terjadi pada meninges, yaitu lapisan pelindung yang mengelilingi otak dan saraf tulang belakang. Kondisi ini umumnya disebabkan oleh infeksi virus, namun terkadang bisa juga disebabkan oleh bakteri dan jamur. Sakit kepala hebat, demam tinggi, mual dan muntah, leher terasa kaku, kejang, serta linglung hingga sulit konsentrasi adalah gejala yang umum ditemui pada kasus meningitis. Sementara gejala meningitis pada bayi dapat berupa penonjolan fontanel (bagian lunak di kepala), lemas, kurang mau makan atau menyusu, tidur berlebihan, dan rewel. Meningitis merupakan penyakit infeksi otak yang harus segera ditangani, baik pada orang dewasa maupun anak-anak, karena dapat menyebabkan kecacatan dan kematian.<br><br></div><div><strong>2. Ensefalitis</strong><br>&nbsp; &nbsp; Ensefalitis merupakan peradangan yang terjadi pada otak akibat infeksi virus. Beberapa virus yang paling sering menyebabkan kondisi ini adalah virus herpes simpleks, varisela atau cacar air, virus Epstein-Barr, dan campak. Kendati demikian, ensefalitis juga dapat disebabkan oleh infeksi bakteri dan jamur. Hanya saja, ensefalitis akibat bakteri dan jamur lebih jarang terjadi. Ensefalitis biasanya muncul bersamaan dengan meningitis. Kondisi ini dikenal dengan sebutan meningoensefalitis. Jika Anda mengalami demam tinggi dan sakit kepala, lalu beberapa jam atau hari kemudian Anda sulit berbicara, linglung, tubuh sulit digerakkan, dan kejang, segeralah temui dokter karena gejala-gejala tersebut kemungkinan disebabkan oleh ensefalitis.<br><br></div><div><strong>3. Abses otak</strong><br>&nbsp; &nbsp; Abses otak dapat terjadi di bagian otak mana saja. Umumnya, kondisi ini disebabkan oleh infeksi bakteri yang mengakibatkan penimbunan nanah dan pembengkakan di otak. Gejala abses otak dapat muncul secara perlahan atau tiba-tiba. Kondisi ini dapat dikenali dari menurunnya kemampuan berbahasa dan menggerakkan tubuh, gangguan penglihatan, lambat dalam memberikan respons atau berpikir, mual muntah, sulit fokus, dan mudah mengantuk. Abses otak perlu segera ditangani oleh dokter. Jika tidak, kondisi ini dapat menimbulkan komplikasi serius seperti kerusakan otak permanen atau kecacatan dan kematian.<br><br></div><div><strong>4. Toksoplasmosis<br>&nbsp; &nbsp; </strong>Penyakit ini disebabkan oleh infeksi parasit Toxoplasma gondii yang menyerang organ tubuh tertentu, termasuk otak. Sebagian orang yang terkena toksoplasmosis tidak mengalami gejala. Namun, infeksi otak akibat toksoplasmosis bisa menimbulkan gejala berupa demam, sakit kepala, pembengkakan kelenjar getah bening, kejang, penurunan kesadaran, atau gangguan koordinasi tubuh. Penyakit ini rentan terjadi pada orang yang sering bersentuhan dengan kotoran kucing atau memiliki daya tahan tubuh lemah, misalnya karena pengobatan kemoterapi, mengonsumsi obat-obatan imunosupresan, dan infeksi HIV.<br><br></div><div><strong>5. Malaria serebral</strong><br>&nbsp; &nbsp; Merupakan infeksi otak yang disebabkan oleh malaria. Penyakit ini biasanya terjadi akibat komplikasi dari penyakit malaria yang tidak diobati. Penderita infeksi otak ini biasanya akan merasakan beberapa gejala berupa demam, menggigil, kejang, mual muntah, kesulitan bicara, gangguan pendengaran atau penglihatan, sakit kepala berat, perubahan perilaku, serta penurunan kesadaran atau koma. Apa pun penyebab dan jenisnya, infeksi otak adalah penyakit berbahaya yang perlu segera diperiksakan dan diobati oleh dokter. Jika terlambat diobati, infeksi otak berisiko tinggi menyebabkan kecacatan atau bahkan kematian.<br><br></div><div><strong>Apa yang Membuat Anda Berisiko Terkena Infeksi Otak?</strong><br><br></div><div>Ada sejumlah faktor yang dapat meningkatkan risiko terjadinya infeksi otak, yaitu:</div><ul><li>Memiliki sistem kekebalan tubuh yang lemah akibat HIV/AIDS, efek samping kemoterapi, diabetes, kecanduan alkohol atau penyalahgunaan obat terlarang</li><li>Terdapat infeksi pada gigi dan rongga sinus</li><li>Belum mendapatkan vaksinasi</li><li>Mengalami cedera kepala</li><li>Berusia lebih dari 60 tahun</li></ul><div>&nbsp; &nbsp; Jika Anda merasakan gejala infeksi otak, apalagi jika memiliki faktor risiko di atas, segeralah periksakan diri ke dokter. Untuk mendiagnosis dan mencari tahu penyebab infeksi otak, dokter akan melakukan pemeriksaan fisik dan penunjang berupa pemeriksaan darah lengkap dan cairan serebrospinal untuk menentukan bakteri, jamur, parasit, atau virus penyebab infeksi. Selain itu, dokter juga akan melakukan pemeriksaan penunjang pada otak, seperti MRI, CT scan, serta EEG untuk memeriksa kondisi otak dan menentukan bagian otak yang terinfeksi. Setelah menentukan diagnosis infeksi otak dan penyebabnya, dokter akan memberikan penanganan yang sesuai untuk membasmi penyebab infeksi dan mencegah terjadinya komplikasi. Biasanya, penderita infeksi otak perlu dirawat di rumah sakit dan mendapatkan penanganan secara intensif.<br><br></div>', '2021-11-01 11:27:45', '2021-11-01 11:27:45'),
(10, 'Mata', 'Kelainan pada Mata yang Paling Umum Terjadi', 'kelainan-pada-mata', 'images/c3FwXlgdQtVlsDI1n6cGAHJnZTLtUqS52pAIE1kZ.png', '<div>&nbsp; &nbsp; Kelainan pada mata bisa dialami oleh tiap orang tanpa mengenal batas usia. Meski sebagian kelainan mata bisa pulih dengan sendirinya, tapi sebagian lain ada juga yang membutuhkan pengobatan dari dokter mata. Kelainan pada mata tidak boleh dianggap remeh. Tanpa penanganan yang tepat, kelainan pada mata dapat membuat Anda kesulitan menjalani kegiatan sehari-hari. Beberapa kelainan mata bahkan dapat menyebabkan kebutaan bila tidak ditangani.<br><br></div><div><strong>1. Rabun jauh</strong><br>&nbsp; &nbsp; Rabun jauh atau miopia adalah kondisi ketika mata tampak samar melihat benda jarak jauh. Rabun jauh umumnya disebabkan oleh faktor genetik. Untuk mengatasi rabun jauh, diperlukan penggunaan kacamata, lensa kontak, atau operasi laser mata (LASIK).<br><br></div><div><strong>2. Rabun dekat</strong><br>&nbsp; &nbsp; Rabun dekat merupakan kebalikan dari rabun jauh, yaitu ketika mata tampak samar melihat objek dari jarak dekat. Umumnya disebabkan faktor genetik dari orang tua yang menderita rabun dekat. Penanganan rabun dekat sama dengan rabun jauh yaitu penggunaan kacamata, lensa kontak, dan operasi laser mata.<br><br></div><div><strong>3. Rabun senja</strong><br>&nbsp; &nbsp; Rabun senja adalah kelainan mata yang terjadi saat seseorang tidak bisa melihat di tempat dengan pencahayaan buruk, tempat gelap, ataupun di malam hari. Beberapa penyebab rabun senja yang masih dapat diatasi oleh dokter, termasuk katarak, kekurangan vitamin A dan rabun dekat. Namun hingga saat ini, belum ada penyembuhan untuk kasus rabun senja yang dialami sejak lahir.<br><br></div><div><strong>4. Astigmatisme</strong><br>&nbsp; &nbsp; Astigmatisme merupakan kelainan mata yang disebabkan oleh kelengkungan kornea atau lensa yang tidak sempurna atau tidak rata. Kondisi ini mengakibatkan perubahan letak jatuhnya cahaya pada retina, sehingga menyebabkan penglihatan menjadi samar atau berbayang. Kelainan mata ini seringkali terjadi karena faktor keturunan.<br><br></div><div><strong>5. Buta warna</strong><br>&nbsp; &nbsp; Anda dinyatakan mengalami buta warna jika tidak dapat melihat warna tertentu atau tidak mampu membedakan satu warna dengan warna yang lain (biasanya merah dan hijau). Kondisi ini terjadi ketika sel kerucut atau sel warna dalam mata tidak bekerja normal. Umumnya buta warna diderita sejak lahir, tapi bisa juga berkembang di usia dewasa akibat pengaruh konsumsi obat-obatan atau dampak penyakit tertentu.<br><br></div><div><strong>6. Glaukoma</strong><br>&nbsp; &nbsp; Glaukoma adalah penyakit gangguan pada saraf penglihatan akibat peningkatan tekanan di dalam bola mata. Peningkatan tekanan ini diduga berkaitan dengan tekanan darah tinggi, adanya sumbatan di saluran air mata, atau penggunaan obat mata golongan kortikosteroid secara berlebihan.<br><br></div><div><strong>7. Konjungtivitis</strong><br>&nbsp; &nbsp; Konjungtivitis atau sering disebut pink-eye merupakan kelainan mata yang terjadi karena peradangan pada konjungtiva (selaput tipis yang melapisi bola mata dan kelopak mata bagian dalam). Kondisi ini biasanya disebabkan oleh bakteri, virus, alergi, hingga paparan asap rokok, debu atau barang kosmetik tertentu. Oleh karena itu, biasakan mencuci tangan dengan baik sebagai salah satu pencegahan kelainan mata ini.<br><br></div><div><strong>8. Katarak</strong><br>&nbsp; &nbsp; Katarak merupakan kelainan mata yang terjadi akibat penumpukan protein pada lensa mata, sehingga menjadikan penglihatan samar. Jenis katarak yang paling sering terjadi adalah katarak nuklir. Tumpukan protein ini dapat terjadi akibat proses penuaan, radiasi sinar ultraviolet, diabetes, obesitas, cedera mata, atau bisa juga faktor bawaan dari lahir. Operasi katarak merupakan pilihan terapi yang tepat bagi penderita katarak. Kesehatan mata perlu dijaga sebaik mungkin, agar fungsinya tidak terganggu. Apabila Anda merasakan keluhan atau kelainan pada mata, segera lakukan pemeriksaan ke dokter mata agar dapat diberikan penanganan yang sesuai.<br><br></div>', '2021-11-01 18:33:32', '2021-11-01 18:33:32');
INSERT INTO `blogs` (`id`, `category`, `title`, `slug`, `image`, `body`, `created_at`, `updated_at`) VALUES
(11, 'Hidung', 'Penyakit yang Paling Sering Menyerang Hidung', 'penyakit-yang-menyerang-hidung', 'images/W0KU4m9w3Ub6ar2kdDWUB5oExwHE89vvxomqlxIw.png', '<div>&nbsp; &nbsp; Penting untuk menjaga hidung agar tetap sehat. Selain untuk menyalurkan udara keluar masuk agar Anda bisa bernapas, hidung juga memainkan banyak peran penting lainnya untuk kesehatan. Misalnya untuk menyaring zat asing dan mencium bebauan di sekitar. Maka ketika ada masalah dengan hidung Anda, seluruh tubuh Anda bisa sangat terganggu. Apa saja macam-macam penyakit hidung yang paling umum terjadi?<br><br></div><div><strong>1. Mimisan</strong><br>&nbsp; &nbsp; Mimisan adalah perdarahan yang terjadi dari dalam dinding saluran hidung. Kondisi ini sangat umum terjadi. Menurut Cleveland Clinic, diperkirakan 60% orang setidaknya pernah mengalami mimisan satu kali seumur hidupnya. Perdarahan dari hidung terjadi ketika pembuluh-pembuluh darah kecil (kapiler) yang terdapat di dinding saluran hidung mengalami kerusakan. Kerusakan tersebut biasanya disebabkan oleh udara kering, kebiasaan mengupil, pilek, serta meniup ingus terlalu keras.<br><br></div><div><strong>2. Gangguan penciuman</strong><br>&nbsp; &nbsp; Penyakit atau gangguan pada hidung lainnya yang umum terjadi adalah kehilangan daya penciuman. Kondisi ini biasanya terbagi menjadi 2 jenis, yaitu hiposmia dan anosmia. Hiposmia adalah kondisi ketika kemampuan mencium bau Anda menurun atau berkurang. Anda tidak bisa mencium bau suatu objek atau benda sebaik biasanya. Berbeda dengan hiposmia, anosmia adalah kondisi di mana daya penciuman Anda benar-benar hilang. Hidung Anda tidak bisa menangkap bau apapun sama sekali. Kondisi penurunan daya penciuman biasanya disebabkan oleh gangguan lain yang juga terjadi pada hidung, seperti polip hidung, infeksi sinus, pilek, atau infeksi saluran pernapasan. Selain itu, masalah kesehatan lain juga bisa memengaruhi daya penciuman Anda, mulai dari ketidakseimbangan hormon, masalah gigi, paparan zat kimia tertentu, hipertensi, serta diabetes.<br><br></div><div><strong>3. Rhinitis</strong><br>&nbsp; &nbsp; Rhinitis adalah penyakit pada hidung yang ditandai dengan hidung meler, bersin, hidung tersumbat, serta kelelahan. Kondisi ini dapat dialami anak-anak dan orang dewasa. Kondisi ini terbagi dalam 2 jenis, yaitu rhinitis alergi dan rhinitis non-alergi (vasomotor). Pemicu pada rhinitis alergi dapat meliputi alergen, seperti bulu binatang dan debu. Sementara itu, rhinitis non-alergi biasanya disebabkan oleh paparan iritan dan perubahan cuaca, meski hingga saat ini penyebab pastinya belum diketahui.<br><br></div><div><strong>4. Pilek</strong><br>&nbsp; &nbsp; Pilek merupakan penyakit hidung langganan semua kalangan, tanpa pandang bulu. Baik pria dan wanita, yang tua dan yang muda hampir semuanya pasti pernah mengalami pilek. Pilek biasanya disebabkan oleh infeksi rhinovirus. Gejala pilek biasanya muncul 1-3 hari setelah terpapar virus tersebut. Virus ini dapat menyebar melalui tetesan aiur liur yang menyembur di udara saat seseorang batuk, berbicara, atau bersin. Kemudian, rhinovirus masuk ke tubuh orang sehat melalui mulut, mata, atau hidungnya. Selain hidung ingusan dan tersumbat, gejala pilek bisa termasuk sakit tenggorokan, bersin-bersin, demam ringan, badan pegal linu, dan sakit kepala. Pilek biasanya tidak berbahaya, tapi terkadang bisa juga menjadi gejala dari penyakit tertentu.<br><br></div><div><strong>5. Flu (influenza)</strong><br>&nbsp; &nbsp; Orang sering kali bingung membedakan flu dan pilek biasa. Kedua penyakit hidung ini memang memunculkan gejala yang mirip, namun keduanya disebabkan oleh virus yang berbeda. Influenza atau flu biasa disebabkan oleh tiga jenis virus flu, yaitu influenza A, influenza B, dan inluenza C. Jika pilek bisa terjadi kapan saja di sepanjang tahun, penyebaran flu biasanya lebih musiman. Gejala flu sering datang tiba-tiba dan bisa berlangsung selama 7-10 hari, tapi flu bisa sembuh sepenuhnya dan tidak berbahaya. Namun, beberapa orang yang memiliki daya tahan tubuh lemah bisa mengalami gejala flu yang cukup parah dan mungkin mengancam jiwa akibat komplikasinya. Jenis lain dari flu adalah flu burung (H5N1, H7N9) dan flu babi (H1N1).<br><br></div><div><strong>6. Deviasi septum</strong><br>&nbsp; &nbsp; Deviasi septum adalah gangguan di mana dinding tipis (septum) pemisah bagian kiri dan kanan hidung mengalami kelainan struktur, seperti terlalu bengkok. Kondisi ini dapat menyebabkan salah satu saluran hidung lebih sempit, sehingga memengaruhi aliran udara yang masuk dan keluar. Akibat dari deviasi septum, hidung berisiko mengalami berbagai gangguan serta penyakit, mulai dari obstruksi (penyumbatan), pembengkakan, hingga kesulitan bernapas di malam hari.<br><br></div><div><strong>7. Polip hidung</strong><br>&nbsp; &nbsp; Polip hidung adalah pertumbuhan jaringan yang terjadi di dinding saluran hidung atau sinus. Pertumbuhan jaringan tersebut terkadang tidak berbahaya, namun berisiko menimbulkan berbagai penyakit pada hidung, seperti infeksi berulang, alergi, bahkan sinusitis. Kemunculan polip hidung terjadi karena adanya peradangan dan pembengkakan pada saluran hidung atau sinus. Namun, hingga saat ini belum diketahui secara pasti apa pemicu dari peradangan tersebut. Beberapa ahli meyakini bahwa timbulnya polip mungkin berkaitan dengan sistem kekebalan tubuh pada tiap orang yang berbeda-beda.<br><br></div><div><strong>8. Sinusitis</strong><br>&nbsp; &nbsp; Sinusistis adalah penyakit hidung yang terjadi akibat peradangan pada rongga sinus, yaitu rongga di sekitar saluran hidung di belakang tulang wajah yang berisi udara. Gejala sinusitis dapat terjadi secara tiba-tiba dan berlangsung hanya dalam waktu singkat (biasanya 4 minggu). Sinusitis ini biasanya disebut sinusitis akut. Namun jika gejalanya terjadi dalam waktu yang lebih lama, sekitar 3 bulan dan sering kambuh, ini disebut sinus kronis. Peradangan pada sinus bisa disebabkan oleh infeksi virus, bakteri, atau jamur. Orang dengan sistem kekebalan tubuh yang lemah, memiliki alergi, asma, atau penyumbatan struktural pada hidung atau sinus lebih mungkin mengalami sinusitis. Jika Anda mengalami sinusitis akut, perawatan yang mungkin diberikan adalah antibiotik, dekongestan, semprotan steroid, dan anthistamin. Namun jika tidak mempan dan peradangan sinus malah makin sering kambuh, dokter mungkin akan menyarankan operasi sinusitis.</div><div><br></div><div><strong>9. Septum hematoma</strong><br>&nbsp; &nbsp; Septum hematoma adalah gangguan di mana terdapat penggumpalan darah di septum hidung. Darah yang menggumpal berasal dari pembuluh darah yang pecah, kemudian menumpuk dan tertahan di bawah lapisan dinding hidung. Kondisi ini biasanya terjadi setelah hidung mengalami trauma, cedera, atau menjalani prosedur operasi. Konsumsi obat pengencer darah juga meningkatkan risiko timbulnya penggumpalan darah di septum hidung. Septum hematoma umumnya menimbulkan gejala-gejala seperti hidung tersumbat, kesulitan bernapas, demam, serta rasa sakit di hidung.<br><br></div><div><strong>10. Infeksi saluran pernapasan atas (ISPA)</strong><br>&nbsp; &nbsp; Infeksi saluran pernapasan atas (ISPA) adalah infeksi akut yang menyerang satu komponen saluran pernapasan bagian atas. Organ yang termasuk ke dalam sistem saluran pernapasan atas meliputi hidung, sinus, faring (tenggorokan), dan laring (kotak suara). Penyebab ISPA adalah virus atau bakteri. Virus utama penyebab ISPA adalah rhinovirus dan coronavirus. Gejala ISPA yang umum muncul antara lain batuk kering tanpa dahak, demam ringan, sakit tenggorokan, serta sesak napas.<br><br></div><div><strong>11. Kanker nasofaring</strong><br>&nbsp; &nbsp; Karsinoma nasofaring adalah penyakit kanker yang menyerang rongga pada belakang hidung dan belakang langit-langit rongga mulut, hingga bagian atas faring (tenggorokan). Karsinoma sel skuamosa atau squamous cell carcinoma (SCC) adalah jenis kanker yang paling umum di daerah ini. SCC timbul dari jaringan lapisan hidung. Mimisan berulang adalah gejala umum dari karsinoma nasofaring. Kanker ini juga bisa menyebabkan ingus yang keluar selalu mengandung bercak darah. Penanganan dan pengobatan untuk hidung yang bermasalah akan bergantung pada apa penyebab utamanya. Biasanya, gangguan hidung yang bersifat ringan seperti pilek dan mimisan bisa ditangani sendiri dengan pengobatan rumahan. Namun, jika terdapat gejala-gejala yang mengganggu aktivitas sehari-hari, seperti mimisan berulang, kesulitan bernapas, atau rasa sakit yang tak tertahankan, Anda harus segera memeriksakan diri ke dokter. Ingat, ketika Anda sudah mulai merasakan gejala-gejala yang tidak wajar, seringan apapun kondisinya, sebaiknya segera kunjungi dokter untuk mendapatkan penanganan yang tepat.<br><br></div>', '2021-11-01 18:36:41', '2021-11-01 18:36:41'),
(12, 'Mulut', 'Ketahui Potensi Penyakit dari Gangguan Kesehatan Mulut Ini', 'gangguan-kesehatan-mulut', 'images/cSJxR2zj4E7vSok4XXo4AouEToM3vryGu4fzSiZQ.png', '<div>&nbsp; &nbsp; Mungkin selama ini Anda tidak mengetahui bahwa gangguan kesehatan yang berkaitan dengan mulut dan gigi Anda dapat menjadi tanda-tanda adanya penyakit yang lebih besar di dalam tubuh Anda. Menurut survei kesehatan yang dilakukan American Dental Association, Anda sebaiknya berhati-hati dengan gangguan kesehatan mulut dan gigi ini.<br><br></div><div><strong>1. Noda gigi</strong><br>&nbsp; &nbsp; Noda yang muncul di gigi Anda dan membuat gigi Anda kusam sebaiknya tidak boleh Anda remehkan. Sebab noda tersebut berasal dari bakteri yang menempel di gigi dan menimbulkan plak. Dan tahukah Anda bahwa bakteri tersebut mampu mengganggu kesehatan tubuh Anda secara keseluruhan?<br><br></div><div><strong>2. Gigi sensitif</strong><br>&nbsp; &nbsp; Gigi yang sensitif membuat Anda tersiksa ketika menikmati makanan panas atau dingin. Apabila tidak diobati dengan baik, maka jaringan saraf di gigi akan terganggu dan menimbulkan gangguan kesehatan yang lebih serius.<br><br></div><div><strong>3. Napas bau</strong><br>&nbsp; &nbsp; Napas bau atau bau napas yang tidak segar bukan hanya disebabkan oleh sisa makanan yang tersembunyi. Namun juga dapat disebabkan karena bakteri yang ada di dalam mulut. Apabila tidak dibersihkan, bakteri ini mampu melubangi gigi dan merusak kesehatan gigi.<br><br></div><div><strong>4. Pendarahan</strong><br>&nbsp; &nbsp; Apakah Anda menemukan noda darah ketika menyikat gigi? Ini bukan hanya terjadi karena Anda menyikat gigi terlalu bersemangat. Namun juga menjadi tanda dari peradangan gusi atau gingivitis.<br><br></div><div><strong>5. Gusi tidak sehat</strong><br>&nbsp; &nbsp; Perhatikan warna gusi Anda. Apakah warnanya pucat dan berukuran lebih besar dari gigi Anda sendiri? Jika ya, berhati-hatilah sebab hal tersebut menjadi salah satu faktor penyebab masalah gigi yang lebih besar lagi.<br><br></div><div><strong>6. Masalah lidah</strong><br>&nbsp; &nbsp; Selain gigi dan gusi, Anda juga harus memperhatikan lidah Anda. Jika Anda menemukan bahwa lidah Anda kering dan berwarna pucat, hal ini dapat menjadi tanda bahwa Anda kekurangan vitamin B dan menderita infeksi jamur.<br><br></div><div><strong>7. Luka di mulut</strong><br>&nbsp; &nbsp; Luka di mulut yang muncul secara tiba-tiba pun harus Anda waspadai. Terutama apabila luka tersebut berlangsung lebih dari 3 minggu. Sebab ini bisa jadi tanda adanya infeksi HPV di dalam mulut Anda. Oleh karena itu segera periksakan apabila Anda merasa ada luka yang muncul secara tiba-tiba dan tidak kunjung sembuh.<br><br></div><div>&nbsp; &nbsp; Kesehatan mulut dan gigi dapat menjadi hal yang penting dan harus Anda jaga kesehatannya. Sebab apabila tidak segera mendapatkan penanganan medis dengan baik, maka hal ini akan memunculkan gangguan kesehatan yang lebih besar.<br><br></div>', '2021-11-01 18:38:32', '2021-11-01 18:38:32'),
(13, 'Telinga', 'Macam-Macam Gangguan pada Telinga dan Penanganannya', 'macam-macam-gangguan-telinga', 'images/wW3iE44KjRimql9uzrfEoFQEKOesBal6E2dOD6RF.png', '<div>&nbsp; &nbsp; Gangguan pada telinga dapat dialami oleh semua orang, baik anak-anak maupun orang dewasa. Tidak hanya membuat telinga terasa sakit, kondisi ini juga dapat menyebabkan penderitanya kehilangan pendengaran. Namun, dengan penanganan yang tepat, gangguan telinga bisa disembuhkan. Telinga terdiri dari 3 bagian, yaitu telinga luar, telinga tengah, dan telinga dalam. Ketiga bagian telinga tersebut memiliki fungsi masing-masing dalam menangkap suara dan menyalurkannya ke otak agar Anda bisa mendengar. Selain itu, telinga juga dapat berfungsi menjaga keseimbangan tubuh.<br>&nbsp; &nbsp; Karena fungsi telinga begitu penting, sudah sewajarnya telinga selalu dijaga dan dirawat dengan baik. Namun, telinga terkadang bisa mengalami gangguan atau terkena penyakit. Akibatnya, fungsi indra pendengaran dan keseimbangan tubuh bisa bermasalah. Ada beberapa jenis penyakit atau gangguan pada telinga, di antaranya:<br><br></div><div><strong>1. Otitis eksterna</strong><br>&nbsp; &nbsp; Otitis eksterna atau swimmers ear merupakan peradangan pada telinga luar. Gangguan ini bisa terjadi jika telinga Anda sering kemasukan air, misalnya karena berenang. Telinga yang sering kemasukan air akan menjadi basah dan lembap, sehingga memudahkan bakteri atau jamur untuk lebih mudah berkembang biak di liang telinga. Selain karena liang telinga yang sering basah, otitis eksterna juga bisa disebabkan oleh hal lain, seperti terlalu sering atau terlalu kuat membersihkan telinga, luka atau cedera, kemasukan benda asing, atau masalah pada kulit telinga, misalnya kulit kering atau eksim. Otitis eksterna dapat menimbulkan beberapa gejala berikut ini:</div><ul><li>Gatal pada telinga.</li><li>Sakit, terutama saat telinga disentuh atau ditarik.</li><li>Telinga tampak kemerahan dan bengkak.</li><li>Keluar cairan dari telinga.</li><li>Gangguan pendengaran.</li><li>Telinga terasa penuh atau tersumbat.</li><li>Demam.</li><li>Muncul benjolan di leher atau sekitar telinga karena pembengkakan kelenjar getah bening.</li></ul><div><strong>2. Otitis media</strong><br>&nbsp; &nbsp; Otitis media merupakan gangguan pada telinga bagian tengah yang disebabkan oleh infeksi virus atau bakteri. Otitis media lebih sering dialami oleh anak-anak dibandingkan orang dewasa. Gejala yang ditimbulkan oleh otitis media antara lain sakit telinga, gangguan pendengaran, demam, serta keluarnya cairan dari telinga yang berwarna kekuningan, kehijauan, atau kecokelatan, dan berbau busuk.<br><br></div><div><strong>3. Otitis interna</strong><br>&nbsp; &nbsp; Otitis interna adalah infeksi pada telinga dalam yang mengendalikan fungsi pendengaran dan menjaga keseimbangan tubuh. Gangguan pada telinga ini dapat terjadi akibat otitis media yang tidak diobati dan infeksi virus atau bakteri di telinga. Gejala infeksi telinga bagian dalam meliputi vertigo, pusing, sulit berdiri atau duduk, mual, muntah, telinga berdenging, sakit telinga, dan kehilangan pendengaran.<br><br></div><div><strong>4. Gendang telinga pecah</strong><br>&nbsp; &nbsp; Gendang telinga atau membran timpani merupakan selaput tipis yang memisahkan saluran telinga dan telinga bagian tengah. Jika terjadi gangguan pada telinga, gendang telinga bisa saja pecah. Ada beberapa hal yang dapat menyebabkan gendang telinga pecah, di antaranya:</div><ul><li>Infeksi telinga tengah atau otitis media parah yang tidak diobati.</li><li>Telinga kemasukan benda asing.</li><li>Kebiasaan mengorek telinga terlalu dalam menggunakan benda tertentu, seperti cotton bud atau tusuk gigi.</li><li>Suara yang sangat keras, seperti ledakan.</li><li>Barotrauma atau perubahan tekanan udara secara mendadak, misalnya saat di dalam pesawat atau menyelam.</li><li>Benturan atau cedera di bagian kepala atau telinga.</li></ul><div>&nbsp; &nbsp; Gendang telinga pecah dapat menimbulkan gejala berupa sakit telinga, keluar cairan dari telinga, gangguan pendengaran, telinga berdenging, dan vertigo atau pusing berputar.<br><br></div><div><strong>5. Telinga berdenging</strong><br>&nbsp; &nbsp; Telinga berdenging atau tinnitus ditandai dengan sensasi berdenging pada telinga yang dapat berlangsung dalam waktu singkat atau lama. Gangguan telinga ini bisa disebabkan oleh banyak hal, antara lain:</div><ul><li>Gangguan pada sel saraf di dalam telinga.</li><li>Penuaan.</li><li>Kebiasaan mendengar suara dengan volume kencang, baik dalam jangka waktu sebentar atau lama.</li><li>Penyumbatan kotoran telinga.</li><li>Tulang telinga mengeras.</li></ul><div><br><strong>6. Kolesteatoma</strong><br>&nbsp; &nbsp; Gangguan pada telinga ini disebabkan oleh pertumbuhan jaringan kulit yang tidak normal di dekat gendang telinga atau ruang telinga bagian tengah. Pertumbuhan jaringan kulit ini dapat mengakibatkan jaringan dan tulang di sekitar telinga tengah mengalami kerusakan, sehingga fungsi telinga terganggu. Kolesteatoma dapat menimbulkan berbagai gejala, seperti nyeri, telinga berbau busuk, keluar cairan dari telinga, telinga terasa penuh atau tersumbat, gangguan pendengaran, serta melemahnya otot wajah di bagian sisi telinga yang terkena kolesteatoma.<br><br></div><div><strong>7. Otosklerosis</strong><br>&nbsp; &nbsp; Ketika telinga menangkap suara, gendang telinga dan tulang pendengaran di dalam telinga bagian tengah akan bergetar untuk menciptakan impuls atau rangsang pendengaran agar dapat dikirim ke otak. Ketika rangsangan tersebut sampai ke otak, terjadilah proses pendengaran. Namun, pada kondisi otosklerosis, tulang-tulang pendengaran di dalam telinga tengah kaku dan tidak dapat bergerak dengan baik. Gangguan pada telinga ini dapat membuat penderitanya sulit mendengar dan sering mengalami telinga berdenging. Selain beberapa kondisi di atas, masih ada beberapa macam gangguan pada telinga lainnya, misalnya neuroma akustik atau tumor pada saraf telinga dan prebiakusis, yaitu kondisi menurunnya fungsi pendengaran akibat penuaan.<br><br></div><div><strong>Penanganan Gangguan pada Telinga</strong><br>&nbsp; &nbsp; Jika Anda mengalami gejala gangguan pada telinga, segera pergi ke dokter spesialis THT untuk mendapatkan diagnosis dan pengobatan yang tepat. Untuk mendiagnosis jenis gangguan telinga yang Anda alami dan menentukan apa penyebabnya, dokter dapat melakukan pemeriksaan fisik pada telinga menggunakan otoskop dan melakukan pemeriksaan penunjang lain, seperti timpanometri, tes pendengaran, serta CT scan atau MRI pada kepala dan telinga. Setelah penyebab gangguan pada telinga yang Anda alami diketahui, dokter dapat memberikan penanganan berupa:<br><br></div><div><strong>1. Pemberian obat-obatan</strong><br>&nbsp; &nbsp; Pemberian obat-obatan akan disesuaikan dengan penyebab gangguan pada telinga yang Anda alami. Dokter dapat meresepkan obat antibiotik dalam bentuk tetes telinga untuk membasmi bakteri penyebab infeksi serta obat antijamur untuk menghilangkan jamur yang tumbuh dan menginfeksi telinga Anda. Untuk mengatasi pembengkakan dan peradangan yang parah di telinga, dokter juga akan meresepkan obat tetes telinga kortikosteroid. Jika gangguan pada telinga membuat Anda kesakitan, dokter dapat meresepkan obat pereda nyeri, seperti paracetamol atau ibuprofen.<br><br></div><div><strong>2. Operasi</strong><br>&nbsp; &nbsp; Jika antibiotik tidak efektif untuk mengatasi gangguan pada telinga atau jika cairan menumpuk di telinga Anda selama lebih dari 3 bulan, dokter dapat melakukan operasi pada gendang telinga atau miringotomi. Tindakan ini dilakukan untuk mengeringkan cairan atau nanah yang terperangkap di belakang gendang telinga. Pada kondisi gendang telinga pecah, dokter dapat menambal atau menutup lubang dengan patch atau melakukan tindakan operasi timpanoplasti. Operasi juga biasanya dilakukan untuk menangani penyakit kolesteatoma dan neuroma akustik.<br><br></div><div><strong>3. Penggunaan alat bantu dengar</strong><br>&nbsp; &nbsp; Jika gangguan pada telinga yang Anda alami menyebabkan gangguan pendengaran cukup berat, dokter biasanya akan menyarankan penggunaan alat bantu dengar. Untuk kasus tertentu, dokter juga dapat menyarankan Anda untuk menjalani operasi implan koklea. Gangguan pada telinga merupakan masalah kesehatan yang serius karena dapat menimbulkan gangguan pendengaran dan komplikasi lainnya, seperti meningitis. Oleh karena itu, Anda perlu segera memeriksakan diri ke dokter THT untuk mendapatkan pengobatan yang tepat jika Anda mengalami gejala gangguan pada telinga.<br><br></div>', '2021-11-01 18:40:55', '2021-11-01 18:40:55'),
(14, 'Gigi', 'Masalah Gigi yang Paling Sering Terjadi (dan Mungkin Pernah Anda Alami)', 'masalah-gigi', 'images/bcxkuzu4fDUDRFrBIXdxWefpBpjTrfNVgOpw0kNy.png', '<div>&nbsp; &nbsp; Masalah gigi sering kali mengganggu aktivitas Anda. Banyaknya masalah gigi yang kerap tidak disadari mungkin membuat Anda terlambat mengobatinya. Masalah gigi yang mungkin sering Anda biarkan saja justru akan membuat semakin parah dan berakibat fatal. Berikut masalah gigi yang sering terjadi dan penyebabnya.<br><br></div><div><strong>1. Gigi berlubang</strong><br>&nbsp; &nbsp; Gigi berlubang adalah masalah gigi yang paling sering dialami hampir semua orang sehingga dianggap biasa. Padahal, jika gigi berlubang diabaikan hingga parah, akhirnya bisa berakibat fatal alias menyebabkan kematian. Gigi berlubang disebabkan oleh banyaknya bakteri yang berkembang biak di mulut Anda. Bakteri ini menghasilkan asam yang dapat mengikis lapisan gigi sehingga gigi menjadi berlubang. Semakin dalam pengikisan lapisan gigi terjadi atau semakin dalam gigi berlubang, maka semakin terasa menyakitkan. Makan makanan manis dapat membuat gigi berlubang semakin parah. Hal ini karena gula yang menempel di gigi menjadi makanan bakteri. Karena itu, jumlah bakteri semakin banyak dan juga semakin banyak asam yang dihasilkan bakteri. Kondisi ini diperparah jika Anda jarang sikat gigi. Gigi berlubang dapat menyebabkan nyeri, infeksi, sampai kehilangan gigi.<br><br></div><div><strong>2. Periodontis (penyakit gusi)</strong><br>&nbsp; &nbsp; Periodontitis merupakan infeksi gusi parah yang dapat menyebabkan kerusakan pada jaringan lunak dan tulang penyangga gigi. Kondisi ini tidak boleh dianggap enteng dan harus segera diobati. Selain bisa menyebabkan kerontokan gigi, bakteri yang ada di dalam jaringan gusi juga bisa masuk ke aliran darah dan menyerang organ tubuh lainnya, misalnya paru-paru dan jantung. Tanda-tanda dan gejala periodontitis meliputi:</div><ul><li>Pembengkakan gusi.</li><li>Gusi berwarna merah terang atau keunguan.</li><li>Gusi yang terasa nyeri saat disentuh.</li><li>Gusi yang berkurang ketinggiannya sehingga, membuat gigi terlihat lebih panjang dari biasanya.</li><li>Rongga terbentuk di antara gigi.</li><li>Nanah di antara gigi dan gusi.</li><li>Napas berbau.</li><li>Rasa tidak sedap pada mulut.</li><li>Gigi tanggal atau patah.</li><li>Perubahan pada gigi saat menggigit..</li></ul><div>&nbsp; &nbsp; Ada berbagai jenis atau golongan periodontitis. Periodontitis kronis adalah tipe yang paling umum, bisa menyerang orang dewasa dan anak-anak. Sedangkan periodontitis agresif biasanya muncul pada masa kanak-kanak atau awal masa dewasa dan menyerang hanya sebagian kecil orang.<br><br></div><div><strong>3. Gingivitis</strong><br>&nbsp; &nbsp; Gingivitis atau radang gusi adalah inflamasi atau peradangan yang terjadi pada gusi. Gejala-gejala dari kondisi ini meliputi:</div><ul><li>Gusi yang bengkak.</li><li>Perubahan warna gusi menjadi merah tua.</li><li>Gusi yang rentan mengalami perdarahan, misalnya saat menyikat gigi.</li><li>Bau mulut.</li><li>Gusi yang mengerut.</li></ul><div>&nbsp; &nbsp; Gingivitis bisa menjadi kondisi yang ringan, Anda mungkin tidak menyadari jika Anda memiliki kondisi ini. Namun, penting untuk segera mengatasi gingivitis karena jika dibiarkan, penyakit ini dapat menyebabkan periodontitis yang jauh lebih serius, mengakibatkan kehilangan gigi. Penyebab utama dari gingivitis adalah kebersihan gigi dan mulut (oral) yang buruk. Kebiasaan kebersihan oral yang baik seperti menyikat gigi setidaknya dua kali sehari, membersihkan dengan benang gigi setiap hari, dan melakukan pemeriksaan gigi rutin dapat membantu mencegah gingivitis. Gusi yang sehat umumnya keras dan berwarna merah muda pucat. Apabila gusi Anda bengkak, merah kehitaman, dan mudah berdarah, Anda mungkin kena gingivitis.</div><div><br></div><div><strong>4. Plak gigi</strong><br>&nbsp; &nbsp; Plak gigi adalah adanya bakteri atau kotoran yang menempel dan hidup di dalam rongga mulut akibat sisa makanan pada gigi. Jika dibiarkan, plak pada gigi yang semula berwarna kuning akan semakin mengeras dan menghitam, sehingga akan terlihat seperti batu karang yang menempel pada gigi. Beberapa kebiasaan buruk yang sering Anda lakukan bisa jadi penyebab munculnya plak pada gigi Anda. Kebiasaan tersebut di antaranya adalah jarang menggosok gigi, terlalu sering konsumsi makanan manis, jarang makan sayuran dan buah, dan jarang kontrol ke dokter gigi untuk memeriksa kesehatan gigi secara rutin. Jika dibiarkan, sisa makanan yang menumpuk dapat mengakibatkan pembusukan pada gigi, sehingga bakteri berkembang pada area tersebut dan dapat menimbulkan bau mulut dan radang gusi.<br><br></div><div><strong>5. Erosi gigi</strong><br>&nbsp; &nbsp; Erosi gigi adalah terkikisnya enamel gigi yang disebabkan oleh asam. Enamel adalah lapisan keras pelindung gigi, yang melindungi dentin yang sensitif. Apabila enamel terkikis, dentin di bawahnya akan terpapar, yang dapat menyebabkan rasa sakit dan sensitivitas. Erosi gigi dapat disebabkan oleh:</div><ul><li>Konsumsi minuman ringan berlebih (kadar fosfor dan asam sitrat yang tinggi).</li><li>Minuman dari buah (beberapa asam pada minuman dari buah lebih erosif daripada asam baterai).</li><li>Mulut kering atau air liur yang sedikit (xerostomia).</li><li>Makanan (tinggi akan gula dan pati).</li><li>Asam lambung.</li><li>Gangguan pencernaan.</li><li>Obat-obatan (aspirin, antihistamin)</li><li>Genetik (kondisi turunan)</li><li>Faktor lingkungan (gesekan, keausan, stres, dan korosi gigi)</li></ul><div><br></div>', '2021-11-01 18:43:15', '2021-11-01 18:43:15'),
(15, 'Tulang', 'Jenis Gangguan pada Tulang Ini Perlu Diwaspadai', 'jenis-gangguan-pada-tulang', 'images/dOhE6D2O1jCzabK27lkHWa7F3FTNFUb5mRB51MTL.png', '<div>&nbsp; &nbsp; Kelainan pada tulang atau penyakit tulang bukan hanya patah tulang atau osteoporosis. Penyebabnya pun beragam, mulai dari cedera, kelainan imun, hingga faktor genetik. Karena itu, Anda perlu lebih waspada dalam menjaga kesehatan tulang di tubuh.<br>&nbsp; &nbsp; Tulang memiliki begitu banyak fungsi penting untuk tubuh. Selain menopang postur tubuh dan membantu pergerakan, organ yang satu ini juga jadi tempat pembentukan sel darah merah. Sehingga saat ada kelainan pada tulang yang terjadi, tubuh akan mengalami kesulitan menjalani fungsinya.Kerusakan pada tulang bukan hanya patah atau retak. Infeksi, radang, hingga kanker juga bisa muncul di sana. Lebih lanjut, berikut penjelasannya untuk Anda.<br><br></div><div><strong>1. Osteoporosis (pengapuran tulang)</strong><br>&nbsp; &nbsp; Osteoporosis terjadi ketika kepadatan tulang berkurang, sehingga menjadi sangat rapuh. Kondisi ini membuat tulang menjadi rentan patah, terutama di bagian pinggul, pergelangan tangan, dan tulang belakang. Kondisi ini tidak muncul secara tiba-tiba. Osteoporosis, akan berkembang seiring berjalannya waktu dan biasanya baru terdeteksi saat seseorang jatuh ringan, namun tulangnya sudah patah atau retak. Meski identik dengan penyakit orang tua, tapi pengapuran tulang ini sebenarnya juga bisa terjadi pada orang usia muda bahkan anak-anak. Punya keluarga yang memiliki riwayat osteoporosis, tidak pernah olahraga, dan punya indeks massa tubuh kurang dari normal bisa meningkatkan risiko munculnya kelainan pada tulang ini.<br><br></div><div><strong>2. Osteoartritis (radang sendi)</strong><br>&nbsp; &nbsp; Osteoartritis adalah gangguan pada tulang yang cukup sering terjadi. Kondisi muncul ketika pelindung yang ada di ujung tulang menipis, sehingga membuat kedua tulang bergesekan satu sama lain tanpa bantalan. Osteoartritis bisa memicu rasa nyeri dan pembengkakan di sendi yang terdampak. Jika tidak segera diobati, kondisi ini bahkan bisa mengubah bentuk sendi dan membuat tulang serta tulang rawan lebih berisiko untuk patah.<br><br></div><div><strong>3. Rheumatoid arthritis (rematik)</strong><br>&nbsp; &nbsp; Rheumatoid arthtritis atau yang lebih sering disebut sebagai rematik adalah penyakit autoimun. Artinya, sistem imun yang seharusnya melindungi tubuh dari penyakit, justru menyerang sel sehat di tulang dan menyebabkan gangguan kesehatan. Kondisi ini bisa menyebabkan pembengkakan di persendian, membuat penderitanya demam, merasa lemas, dan selalu lelah. Gejala rheumatoid arthritis bisa diredakan dengan pemberian obat-obatan, atau pada beberapa kasus, melalui prosedur operasi.<br><br></div><div><strong>4. Skoliosis</strong><br>&nbsp; &nbsp; Jika dilihat dari belakang, tulang punggung kita akan terlihat lurus. Namun, pada penderita skoliosis, penyakit yang menyebabka kelainan pada tulang belakang, susunan yang seharusnya lurus itu akan melengkung membentuk huruf S atau huruf C. Umumnya, penyebab skoliosis tidak dapat diketahui secara pasti. Namun para ahli percaya bahwa skoliosis tidak hanya disebabkan oleh satu hal, melainkan gabungan dari beberapa faktor.<br><br></div><div><strong>5. Cedera tulang</strong><br>&nbsp; &nbsp; Cedera pada tulang bisa terjadi akibat kecelakaan, jatuh saat olahraga, atau karena tertimpa benda-benda tertentu. Cedera ini biasanya menyebabkan patah tulang, sendi geser, nyeri otot, hingga otot sobek. Cedera tulang dibagi menjadi dua, yaitu akut dan kronis.</div><ul><li><strong>Cedera tulang akut.</strong> Contoh cedera tulang akut adalah keseleo dan patah tulang akibat sesuatu yang terjadi secara mendadak, seperti kecelakaan. Gejala cedera tulang akut di antaranya adalah muncul nyeri secara tiba-tiba, bengkak, memar, tulang tidak bisa digerakkan, atau bahkan terlihat jelas terjadi pergeseran tulang dan patahan tulang.</li><li><strong>Cedera tulang kronis.</strong> Sementara itu cedera tulang kronis adalah cedera yang terjadi karena tekanan terus menerus di satu tulang, akibat olahraga atau melakukan aktivitas fisik dalam jangka panjang. Kondisi ini sering terjadi pada para atlet. Gejala cedera kronis antara lain adalah nyeri tajam saat melakukan olahraga, muncul nyeri tumpul saat posisi istirahat, dan pembengkakan.</li></ul><div><br><strong>6. Penyakit Paget</strong><br>&nbsp; &nbsp; Pada penyakit Paget, tulang tumbuh terlalu besar sehingga menjadi lemah. Kondisi ini seringkali terjadi di tulang kaki, tulang pinggul, tulang belakang, dan kepala. Penyakit paget adalah salah satu jenis penyakit tulang yang seringkali tidak disadari karena tidak menimbulkan rasa sakit, dan baru akan menimbulkan gejala apabila kondisi lain seperti patah tulang dan artritis, sudah terjadi. Hingga saat ini penyebab penyakit paget belum diketahui secara pasti. Namun para ahli menduga gangguan ini ada hubungannya dengan gangguan genetik.<br><br></div><div><strong>7. Fibrous dysplasia</strong><br>&nbsp; &nbsp; Pada fibrous dysplasia, gen yang ada di tubuh akan menginstruksikan penggantian tulang yang sehat dengan jaringan fibrosa. Hal ini menyebabkan tulang menjadi rapuh, berubah bentuk, dan lebih mudah patah. Seringkali, kondisi ini hanya terjadi di satu lokasi, misalnya di tangan, pinggul, wajah, kaki, atau tulang rusuk.<br><br></div><div><strong>8. Osteomyelitis (infeksi tulang)</strong><br>&nbsp; &nbsp; Infeksi tulang bisa terjadi bakteri penyebab infeksi masuk ke pembuluh darah atau menyebar ke jaringan di sekitar tulang. Infeksi juga bisa langsung muncul di tulang, apabila orang tersebut memiliki luka terbuka dan bakteri langsung masuk ke tulang. Orang yang mengalaminya akan merasa demam, nyeri, bengkak, dan lemas. Biasanya, bakteri yang menyebabkan infeksi ini adalah bakteri Staphylococcus.<br><br></div><div><strong>9. Kanker tulang</strong><br>&nbsp; &nbsp; Kanker tulang bisa dibagi menjadi dua jenis, yaitu primer dan sekunder. Kanker tulang primer adalah kanker yang sejak awal muncul di tulang. Sementara itu, kanker tulang sekunder adalah kanker yang awalnya muncul di organ lain, lalu menyebar ke tulang. Gejala kanker tulang antara lain adalah nyeri tulang yang tidak kunjung sembuh dan tambah parah saat malam hari, bengkak dan kemerahan di area tulang tertentu, muncul benjolan di tulang, dan tulang rapuh.<br><br></div><div><strong>10. Osteogenesis imperfecta</strong><br>&nbsp; &nbsp; Gangguan pada tulang yang satu ini disebabkan oleh faktor keturunan atau genetik yang muncul saat lahir. Orang yang mengalaminya, mewarisi gen dari orangtuanya yang membuat tulang menjadi rapuh, mudah patah, dan bentuknya tidak normal. Hal ini membuat persendian pada penderita osteogenesis imperfecta menjadi mudah lepas dan tulang belakangnya melengkung. Kondisi ini juga dapat disertai dengan gangguan pendengaran dan pernapasan, serta muncul bercak gelap di area putih mata. Hingga saat ini, belum ada pengobatan yang bisa dilakukan untuk menyembuhkan penyakit tulang ini. Namun, penderitanya dapat mengurangi gejala yang dirasakan dengan menjalani gaya hidup sehat, mengonsumsi obat dari dokter, dan pada beberapa kasus, melalui operasi.<br><br></div><div><strong>11. Spinal stenosis</strong><br>&nbsp; &nbsp; Spinal stenosis adalah gangguan pada tulang yang ditandai dengan menyempitnya ruang saraf di tulang belakang. Hal ini membuat saraf tertekan dan terjepit dan membuat penderitanya merasakan nyeri hebat.<br><br></div><div><strong>12. Osteonecrosis</strong><br>&nbsp; &nbsp; Osteonecrosis adalah kondisi matinya jaringan tulang. Kondisi ini terjadi saat tulang kehilangan suplai darah. Tanpa suplai darah, jaringan tulang akan mati dan membuat tulang menjadi rusak. Pada kondisi normal, saat ada jaringan tulang yang rusak, tubuh akan membuat jaringan baru untuk menggantikannya. Namun pada orang yang mengalami osteonecrosis, kerusakan sel terjadi lebih cepat daripada pembentukan tulang baru yang dilakukan tubuh. Jika terus dibiarkan, kondisi ini akan membuat penderitanya merasakan nyeri yang parah pada tulang, dan dalam waktu dua tahun akan sulit bergerak.<br><br></div><div><strong>13. Osteomalacia</strong><br>&nbsp; &nbsp; Osteomalacia adalah kelainan pada tulang yang mirip dengan osteoporosis. Hanya saja, kondisi ini disebabkan oleh kekurangan kadar vitamin D di tubuh yang parah dan terus-menerus terjadi dalam jangka waktu lama. Rendahnya kadar vitamin D membuat tubuh tidak mampu menyerap kalsium yang dibutuhkan untuk membangun tulang. Sehingga tulang yang ada di tubuh, tidak mengalami regenerasi. Selain itu, tulang yang ada pun terus-menerus mengalami pengapuran. Osteomalacia bisa menimbulkan gejala berupa nyeri otot dan menyatunya dua tulang sehingga bentuknya menjadi berubah. Pada kondisi yang cukup parah, penyakit ini juga bisa menyebabkan penderitanya lebih rentan mengalami patah tulang.<br><br></div><div><strong>Cara mencegah kelainan pada tulang</strong><br>&nbsp; &nbsp; Melihat ada begitu banyak kelainan pada tulang yang mungkin terjadi, tentu Anda perlu melakukan cara-cara khusus untuk mencegahnya, seperti berikut ini.<br><br></div><ul><li><strong>Perbanyak konsumsi kalsium.</strong> Kalsium sangatlah penting untuk menjaga kesehatan tulang dan mencegah kelainan pada tulang. Untuk orang dewasa berusia 19-50 tahun, kebutuhan kalsium hariannya adalah 1.000 mg per hari. Anda bisa mendapatkan kalsium dari berbagai makanan dan minuman olahan susu, kacang almon, brokoli, dan bahan olahan kedelai seperti tahu. Anda juga bisa memenuhi kebutuhan kalsium dengan mengonsumsi suplemen.</li><li><strong>Cukupi kebutuhan vitamin D.</strong> Untuk bisa menyerap kalsium dengan baik, tubuh memerlukan vitamin D. Selain dari sinar matahari, Anda juga bisa mendapatkan vitamin D dari makanan seperti ikan salmon, tuna, jamur, telur, dan susu.</li><li><strong>Olahraga teratur. </strong>Olahraga teratur juga penting untuk mencegah kelainan pada tulang. Dengan melakukan kegiatan fisik secara rutin selama 30 menit per hari, maka Anda sudah membantu mengurangi risiko munculnya gangguan pada tulang. Jenis olahraga yang bisa dilakukan pun tidak rumit. Anda bisa jalan santai. jogging, naik tangga, dan bersepeda sebagai langkah awal untuk mempertahankan kesehatan tulang.</li><li><strong>Hindari rokok. </strong>Merokok tidak hanya akan merusak paru-paru, tapi juga anggota tubuh yang lain, termasuk tulang. Sehingga untuk mengurangi risiko terjadinya kerusakan pada tulang, sebaiknya hentikan kebiasaan buruk ini.<br><br></li></ul>', '2021-11-01 18:46:44', '2021-11-01 18:46:44');

-- --------------------------------------------------------

--
-- Table structure for table `comments`
--

CREATE TABLE `comments` (
  `id` bigint(20) NOT NULL,
  `content` text NOT NULL,
  `user_id` int(11) NOT NULL,
  `topic_id` int(11) NOT NULL,
  `parent` int(11) NOT NULL DEFAULT 0,
  `created_at` timestamp NULL DEFAULT current_timestamp(),
  `updated_at` date DEFAULT NULL
) ENGINE=InnoDB DEFAULT CHARSET=utf8mb4;

--
-- Dumping data for table `comments`
--

INSERT INTO `comments` (`id`, `content`, `user_id`, `topic_id`, `parent`, `created_at`, `updated_at`) VALUES
(128, 'Aut quo quod vero nemo doloribus.', 21, 42, 0, '2021-11-15 08:25:04', '2021-11-15'),
(130, 'Dolores id velit ut. Libero rem sunt atque nisi.', 24, 37, 0, '2021-11-15 08:25:04', '2021-11-15'),
(131, 'Ut aliquid et nemo.', 18, 36, 0, '2021-11-15 08:25:04', '2021-11-15'),
(132, 'Voluptatem suscipit dolor molestiae.', 18, 40, 0, '2021-11-15 08:25:04', '2021-11-15'),
(133, 'Quidem sit ipsam quibusdam fuga itaque facere.', 21, 46, 0, '2021-11-15 08:25:04', '2021-11-15'),
(135, 'Quia aut vel aut maxime quam veniam aut.', 19, 43, 0, '2021-11-15 08:25:04', '2021-11-15'),
(136, 'Dolor officia cupiditate ut.', 22, 40, 0, '2021-11-15 08:25:04', '2021-11-15'),
(137, 'Architecto voluptate et eos rerum at.', 21, 47, 0, '2021-11-15 08:25:04', '2021-11-15'),
(138, 'Et eos nostrum culpa similique.', 17, 37, 0, '2021-11-15 08:25:04', '2021-11-15'),
(139, 'Qui quia ipsam qui fugit in et.', 23, 41, 0, '2021-11-15 08:25:04', '2021-11-15'),
(140, 'Sunt qui sed suscipit maiores unde.', 22, 40, 0, '2021-11-15 08:25:04', '2021-11-15'),
(141, 'Harum dolorem accusantium sed maiores natus sed.', 18, 48, 0, '2021-11-15 08:25:04', '2021-11-15'),
(142, 'Quae asperiores sed quibusdam.', 20, 49, 0, '2021-11-15 08:25:04', '2021-11-15'),
(144, 'Voluptate earum labore est et sed.', 20, 45, 0, '2021-11-15 08:25:04', '2021-11-15'),
(145, 'Et dolor voluptatibus quia amet quae facilis.', 21, 51, 0, '2021-11-15 08:25:04', '2021-11-15'),
(146, 'Facilis et porro eaque voluptatem.', 23, 49, 0, '2021-11-15 08:25:04', '2021-11-15'),
(147, 'Aperiam quia ea veniam.', 21, 44, 0, '2021-11-15 08:25:04', '2021-11-15'),
(148, 'Consequatur ut sequi quibusdam nihil.', 24, 35, 0, '2021-11-15 08:25:04', '2021-11-15'),
(149, 'At veritatis quis voluptatem explicabo.', 23, 43, 0, '2021-11-15 08:25:04', '2021-11-15'),
(150, 'Eveniet ut porro praesentium id.', 17, 39, 0, '2021-11-15 08:25:04', '2021-11-15'),
(151, 'Ipsa sint molestias quibusdam et voluptates.', 20, 48, 0, '2021-11-15 08:25:04', '2021-11-15'),
(153, 'Porro placeat et pariatur culpa.', 19, 43, 0, '2021-11-15 08:25:04', '2021-11-15'),
(154, 'Et nam doloribus quasi et omnis.', 17, 48, 0, '2021-11-15 08:25:04', '2021-11-15'),
(155, 'Dolor facere voluptatem voluptas quia error vero.', 19, 47, 0, '2021-11-15 08:25:04', '2021-11-15'),
(156, 'Aut qui dolores consequatur praesentium eaque.', 20, 49, 0, '2021-11-15 08:25:04', '2021-11-15'),
(157, 'Et nesciunt ratione quae ea sit.', 21, 51, 0, '2021-11-15 08:25:04', '2021-11-15'),
(158, 'Eum porro est aut eaque repellendus.', 20, 48, 0, '2021-11-15 08:25:04', '2021-11-15'),
(159, 'Consectetur sit est aspernatur cupiditate.', 23, 48, 0, '2021-11-15 08:25:04', '2021-11-15'),
(161, 'Sed qui ut nulla ut dicta cumque.', 24, 50, 0, '2021-11-15 08:25:04', '2021-11-15'),
(162, 'Aut quae qui ex quos perferendis sapiente facere.', 21, 51, 0, '2021-11-15 08:25:04', '2021-11-15'),
(163, 'Nihil placeat recusandae quis eos perspiciatis.', 20, 46, 0, '2021-11-15 08:25:04', '2021-11-15'),
(164, 'Officiis provident ut aspernatur quia id.', 18, 42, 0, '2021-11-15 08:25:04', '2021-11-15'),
(165, 'Dolore autem molestias nisi vitae sed.', 20, 51, 0, '2021-11-15 08:25:04', '2021-11-15'),
(166, 'Et quia perspiciatis beatae ipsum et.', 22, 50, 0, '2021-11-15 08:25:04', '2021-11-15'),
(167, 'Eum natus dolores quasi eos ullam expedita.', 22, 49, 0, '2021-11-15 08:25:04', '2021-11-15'),
(176, 'Ini komentar/jawaban', 2, 52, 0, '2021-11-15 10:46:57', '2021-11-15');

-- --------------------------------------------------------

--
-- Table structure for table `failed_jobs`
--

CREATE TABLE `failed_jobs` (
  `id` bigint(20) UNSIGNED NOT NULL,
  `uuid` varchar(255) COLLATE utf8mb4_unicode_ci NOT NULL,
  `connection` text COLLATE utf8mb4_unicode_ci NOT NULL,
  `queue` text COLLATE utf8mb4_unicode_ci NOT NULL,
  `payload` longtext COLLATE utf8mb4_unicode_ci NOT NULL,
  `exception` longtext COLLATE utf8mb4_unicode_ci NOT NULL,
  `failed_at` timestamp NOT NULL DEFAULT current_timestamp()
) ENGINE=InnoDB DEFAULT CHARSET=utf8mb4 COLLATE=utf8mb4_unicode_ci;

-- --------------------------------------------------------

--
-- Table structure for table `migrations`
--

CREATE TABLE `migrations` (
  `id` int(10) UNSIGNED NOT NULL,
  `migration` varchar(255) COLLATE utf8mb4_unicode_ci NOT NULL,
  `batch` int(11) NOT NULL
) ENGINE=InnoDB DEFAULT CHARSET=utf8mb4 COLLATE=utf8mb4_unicode_ci;

--
-- Dumping data for table `migrations`
--

INSERT INTO `migrations` (`id`, `migration`, `batch`) VALUES
(1, '2014_10_12_000000_create_users_table', 1),
(2, '2014_10_12_100000_create_password_resets_table', 1),
(3, '2019_08_19_000000_create_failed_jobs_table', 1),
(4, '2019_12_14_000001_create_personal_access_tokens_table', 1),
(5, '2021_11_01_071142_create_blogs_table', 1),
(6, '2021_11_03_014959_create_posts_table', 2),
(7, '2021_11_03_020737_create_blog_posts_table', 3),
(8, '2021_11_06_063234_create_forums_table', 4),
(9, '2021_11_08_234134_create_discussions_table', 4),
(10, '2021_11_09_040711_add_is_admin_to_users_table', 5),
(11, '2021_11_14_003751_create_topics_table', 6);

-- --------------------------------------------------------

--
-- Table structure for table `password_resets`
--

CREATE TABLE `password_resets` (
  `email` varchar(255) COLLATE utf8mb4_unicode_ci NOT NULL,
  `token` varchar(255) COLLATE utf8mb4_unicode_ci NOT NULL,
  `created_at` timestamp NULL DEFAULT NULL
) ENGINE=InnoDB DEFAULT CHARSET=utf8mb4 COLLATE=utf8mb4_unicode_ci;

--
-- Dumping data for table `password_resets`
--

INSERT INTO `password_resets` (`email`, `token`, `created_at`) VALUES
('azizslhn1105@gmail.com', 'fSYgUUL9NbbJDbiWtz1egTssjylcIZJr9fwZT65rrR6wvFhv59kL3uLmWgk1V5xw', '2021-11-16 03:16:56');

-- --------------------------------------------------------

--
-- Table structure for table `personal_access_tokens`
--

CREATE TABLE `personal_access_tokens` (
  `id` bigint(20) UNSIGNED NOT NULL,
  `tokenable_type` varchar(255) COLLATE utf8mb4_unicode_ci NOT NULL,
  `tokenable_id` bigint(20) UNSIGNED NOT NULL,
  `name` varchar(255) COLLATE utf8mb4_unicode_ci NOT NULL,
  `token` varchar(64) COLLATE utf8mb4_unicode_ci NOT NULL,
  `abilities` text COLLATE utf8mb4_unicode_ci DEFAULT NULL,
  `last_used_at` timestamp NULL DEFAULT NULL,
  `created_at` timestamp NULL DEFAULT NULL,
  `updated_at` timestamp NULL DEFAULT NULL
) ENGINE=InnoDB DEFAULT CHARSET=utf8mb4 COLLATE=utf8mb4_unicode_ci;

-- --------------------------------------------------------

--
-- Table structure for table `topics`
--

CREATE TABLE `topics` (
  `id` bigint(20) UNSIGNED NOT NULL,
  `topic` varchar(255) COLLATE utf8mb4_unicode_ci NOT NULL,
  `slug` varchar(255) COLLATE utf8mb4_unicode_ci NOT NULL,
  `content` text COLLATE utf8mb4_unicode_ci NOT NULL,
  `user_id` int(11) NOT NULL,
  `created_at` timestamp NULL DEFAULT NULL,
  `updated_at` date NOT NULL
) ENGINE=InnoDB DEFAULT CHARSET=utf8mb4 COLLATE=utf8mb4_unicode_ci;

--
-- Dumping data for table `topics`
--

INSERT INTO `topics` (`id`, `topic`, `slug`, `content`, `user_id`, `created_at`, `updated_at`) VALUES
(35, 'Unde expedita.', 'unde-expedita', 'Non eligendi maiores doloribus et. Quod ratione nesciunt excepturi aliquam velit.', 23, '2021-11-15 08:17:00', '2021-11-15'),
(36, 'Est qui.', 'est-qui', 'Omnis autem et architecto. Expedita expedita ullam ut. Fuga excepturi commodi culpa laborum.', 18, '2021-11-15 08:17:00', '2021-11-15'),
(37, 'Iusto est voluptatibus fugiat qui eius quas dignissimos.', 'iusto-est-voluptatibus-fugiat-qui-eius-quas-dignissimos', 'Quia vel hic rerum dignissimos ad modi. Qui aliquid rerum ut.', 23, '2021-11-15 08:17:00', '2021-11-15'),
(38, 'Nam vel accusantium enim.', 'nam-vel-accusantium-enim', 'Libero deserunt autem nobis. Odit et ipsam consequatur veritatis ipsa iusto.', 24, '2021-11-15 08:17:00', '2021-11-15'),
(39, 'Dolorum dolorem magni eius pariatur numquam dicta omnis.', 'dolorum-dolorem-magni-eius-pariatur-numquam-dicta-omnis', 'Velit dolorem cum rerum unde. Pariatur est harum sed repudiandae facere laborum minus.', 23, '2021-11-15 08:17:00', '2021-11-15'),
(40, 'Sed quia est necessitatibus.', 'sed-quia-est-necessitatibus', 'Dicta odit et dolorem ab eius molestiae. Fugiat vel animi voluptatem voluptate in.', 20, '2021-11-15 08:17:00', '2021-11-15'),
(41, 'Ratione sit ut et.', 'ratione-sit-ut-et', 'Qui minus assumenda eos rem omnis excepturi. Ipsum cumque consectetur et quis.', 21, '2021-11-15 08:17:00', '2021-11-15'),
(42, 'Dignissimos et.', 'dignissimos-et', 'Odit et tempora quibusdam ut labore. Sit nostrum rerum expedita dolore totam hic.', 18, '2021-11-15 08:17:00', '2021-11-15'),
(43, 'Neque quasi.', 'neque-quasi', 'Veritatis velit consectetur et. Aut aut qui placeat vel dicta porro. Et omnis omnis ratione ullam.', 19, '2021-11-15 08:17:00', '2021-11-15'),
(44, 'Quos ad.', 'quos-ad', 'Soluta iste non aut facilis eum quam. Saepe libero debitis ab. Consequatur qui tenetur velit.', 19, '2021-11-15 08:17:00', '2021-11-15'),
(45, 'Deserunt corporis et deserunt.', 'deserunt-corporis-et-deserunt', 'Modi ab et consectetur. Non sunt sit sit aut. Eligendi aut quidem eos id iure.', 22, '2021-11-15 08:17:00', '2021-11-15'),
(46, 'Facere magni modi a.', 'facere-magni-modi-a', 'Non aut quaerat debitis. Rerum qui dignissimos enim sed deserunt.', 21, '2021-11-15 08:17:00', '2021-11-15'),
(47, 'Dicta doloribus deserunt corrupti beatae sit quo.', 'dicta-doloribus-deserunt-corrupti-beatae-sit-quo', 'Quas minima est aut veniam at. Quae consequatur inventore alias veniam voluptatem et.', 18, '2021-11-15 08:17:00', '2021-11-15'),
(48, 'Corrupti laboriosam consequatur blanditiis vel.', 'corrupti-laboriosam-consequatur-blanditiis-vel', 'Fugiat deserunt ab repellat. Voluptatibus placeat in rerum voluptate officiis.', 23, '2021-11-15 08:17:00', '2021-11-15'),
(49, 'Qui voluptas et in error nesciunt.', 'qui-voluptas-et-in-error-nesciunt', 'Repellendus est ratione nostrum unde pariatur. Et earum quia iure. Labore dolor minus ut.', 18, '2021-11-15 08:17:00', '2021-11-15'),
(50, 'Enim in rerum reiciendis.', 'enim-in-rerum-reiciendis', 'Sit doloribus animi deleniti vel. Occaecati in nihil qui delectus facilis.', 23, '2021-11-15 08:17:00', '2021-11-15'),
(51, 'Quo ut minus perspiciatis et maiores.', 'quo-ut-minus-perspiciatis-et-maiores', 'Illum aliquam id odit et qui. Ullam asperiores esse nobis dolor. Aperiam et aut recusandae a.', 21, '2021-11-15 08:17:00', '2021-11-15'),
(52, 'Test Satu', 'test-satu', 'Lorem ipsum dolor sit amet consectetur, adipisicing elit. Commodi a repellendus labore optio! Nisi molestias tempore commodi doloribus aliquam itaque vitae eius, voluptas quo cumque! Sequi officiis quisquam modi beatae, minus dolorum assumenda ad? Soluta, vero iure. Incidunt, cum quam! Culpa quis sunt tenetur. Excepturi enim assumenda alias quam animi!', 18, '2021-11-15 10:45:13', '2021-11-15'),
(53, 'Topik Baru', 'topik-baru', 'apa gimana siapa bagaimana?', 25, '2021-11-16 03:27:06', '2021-11-16'),
(54, 'Korona', 'korona', 'Kapan korona mati', 25, '2021-11-16 03:28:26', '2021-11-16');

-- --------------------------------------------------------

--
-- Table structure for table `users`
--

CREATE TABLE `users` (
  `id` bigint(20) UNSIGNED NOT NULL,
  `name` varchar(255) COLLATE utf8mb4_unicode_ci NOT NULL,
  `email` varchar(255) COLLATE utf8mb4_unicode_ci NOT NULL,
  `email_verified_at` timestamp NULL DEFAULT NULL,
  `password` varchar(255) COLLATE utf8mb4_unicode_ci NOT NULL,
  `remember_token` varchar(100) COLLATE utf8mb4_unicode_ci DEFAULT NULL,
  `created_at` timestamp NULL DEFAULT NULL,
  `updated_at` timestamp NULL DEFAULT NULL,
  `is_admin` tinyint(1) NOT NULL DEFAULT 0
) ENGINE=InnoDB DEFAULT CHARSET=utf8mb4 COLLATE=utf8mb4_unicode_ci;

--
-- Dumping data for table `users`
--

INSERT INTO `users` (`id`, `name`, `email`, `email_verified_at`, `password`, `remember_token`, `created_at`, `updated_at`, `is_admin`) VALUES
(1, 'Admin', 'admin@email.com', NULL, '$2y$10$NVK1NNVwnHnzpJHTxCUB/.wEwRfkMG8bIsdCo/u2FvkT49I1lr30C', NULL, '2021-11-01 10:54:46', '2021-11-01 10:54:46', 1),
(2, 'Dr. Sehat', 'drsehat@email.com', NULL, '$2y$10$d/ZbOzfql.RU0fbhBDiFo.I3ww3Vtkfh1Gmmq/Wy9PuMctIKHB.Vm', NULL, '2021-11-01 10:54:46', '2021-11-01 10:54:46', 1),
(17, 'Margarita Jenkins', 'howe.daren@example.com', '2021-11-15 08:15:49', '$2y$10$92IXUNpkjO0rOQ5byMi.Ye4oKoEa3Ro9llC/.og/at2.uheWG/igi', 'LIvxzOJPDFj3gmaG26jG57h2PaEwT2eS5XrhHF4Rv8eSKqQgmuzW3rO2g8x3', '2021-11-15 08:15:49', '2021-11-15 08:15:49', 0),
(18, 'Elwin Bogan', 'ahansen@example.org', '2021-11-15 08:15:49', '$2y$10$92IXUNpkjO0rOQ5byMi.Ye4oKoEa3Ro9llC/.og/at2.uheWG/igi', 'pHpmAT5wILIYqjAryfpMPv8Leg1vmO56U6b2JnhLGNA77DxZL8TETg4H1tYD', '2021-11-15 08:15:49', '2021-11-15 08:15:49', 0),
(19, 'Nestor Schaden DVM', 'stokes.stephon@example.com', '2021-11-15 08:15:49', '$2y$10$92IXUNpkjO0rOQ5byMi.Ye4oKoEa3Ro9llC/.og/at2.uheWG/igi', 'vuk1y5Ee48', '2021-11-15 08:15:49', '2021-11-15 08:15:49', 0),
(20, 'Dr. Lyric Turner', 'eblanda@example.net', '2021-11-15 08:15:49', '$2y$10$92IXUNpkjO0rOQ5byMi.Ye4oKoEa3Ro9llC/.og/at2.uheWG/igi', 'dkKGpMfEPk', '2021-11-15 08:15:49', '2021-11-15 08:15:49', 0),
(21, 'Everette Reichert', 'dawson87@example.org', '2021-11-15 08:15:49', '$2y$10$92IXUNpkjO0rOQ5byMi.Ye4oKoEa3Ro9llC/.og/at2.uheWG/igi', 'nLUdlTZcng', '2021-11-15 08:15:49', '2021-11-15 08:15:49', 0),
(22, 'Mr. Camryn Farrell DDS', 'lowe.russell@example.net', '2021-11-15 08:15:49', '$2y$10$92IXUNpkjO0rOQ5byMi.Ye4oKoEa3Ro9llC/.og/at2.uheWG/igi', 'VqbDkY3eK5', '2021-11-15 08:15:49', '2021-11-15 08:15:49', 0),
(23, 'Isac Cummings', 'candice94@example.com', '2021-11-15 08:15:49', '$2y$10$92IXUNpkjO0rOQ5byMi.Ye4oKoEa3Ro9llC/.og/at2.uheWG/igi', 'jwwE6YbZdb', '2021-11-15 08:15:49', '2021-11-15 08:15:49', 0),
(24, 'Norma Howe', 'may28@example.net', '2021-11-15 08:15:49', '$2y$10$92IXUNpkjO0rOQ5byMi.Ye4oKoEa3Ro9llC/.og/at2.uheWG/igi', 'HaNFz2Kv5W', '2021-11-15 08:15:49', '2021-11-15 08:15:49', 0),
(25, 'Aziz', 'azizslhn1105@gmail.com', NULL, '$2y$10$DhJ31jEfAV0OdG5e9Kg5UuW.FMCD/pTOXaaOWnH0soImPlVIay./q', NULL, '2021-11-16 03:16:24', '2021-11-16 03:16:24', 0);

--
-- Indexes for dumped tables
--

--
-- Indexes for table `blogs`
--
ALTER TABLE `blogs`
  ADD PRIMARY KEY (`id`),
  ADD UNIQUE KEY `blogs_slug_unique` (`slug`);

--
-- Indexes for table `comments`
--
ALTER TABLE `comments`
  ADD PRIMARY KEY (`id`);

--
-- Indexes for table `failed_jobs`
--
ALTER TABLE `failed_jobs`
  ADD PRIMARY KEY (`id`),
  ADD UNIQUE KEY `failed_jobs_uuid_unique` (`uuid`);

--
-- Indexes for table `migrations`
--
ALTER TABLE `migrations`
  ADD PRIMARY KEY (`id`);

--
-- Indexes for table `password_resets`
--
ALTER TABLE `password_resets`
  ADD KEY `password_resets_email_index` (`email`);

--
-- Indexes for table `personal_access_tokens`
--
ALTER TABLE `personal_access_tokens`
  ADD PRIMARY KEY (`id`),
  ADD UNIQUE KEY `personal_access_tokens_token_unique` (`token`),
  ADD KEY `personal_access_tokens_tokenable_type_tokenable_id_index` (`tokenable_type`,`tokenable_id`);

--
-- Indexes for table `topics`
--
ALTER TABLE `topics`
  ADD PRIMARY KEY (`id`);

--
-- Indexes for table `users`
--
ALTER TABLE `users`
  ADD PRIMARY KEY (`id`),
  ADD UNIQUE KEY `users_email_unique` (`email`);

--
-- AUTO_INCREMENT for dumped tables
--

--
-- AUTO_INCREMENT for table `blogs`
--
ALTER TABLE `blogs`
  MODIFY `id` bigint(20) UNSIGNED NOT NULL AUTO_INCREMENT, AUTO_INCREMENT=16;

--
-- AUTO_INCREMENT for table `comments`
--
ALTER TABLE `comments`
  MODIFY `id` bigint(20) NOT NULL AUTO_INCREMENT, AUTO_INCREMENT=177;

--
-- AUTO_INCREMENT for table `failed_jobs`
--
ALTER TABLE `failed_jobs`
  MODIFY `id` bigint(20) UNSIGNED NOT NULL AUTO_INCREMENT;

--
-- AUTO_INCREMENT for table `migrations`
--
ALTER TABLE `migrations`
  MODIFY `id` int(10) UNSIGNED NOT NULL AUTO_INCREMENT, AUTO_INCREMENT=12;

--
-- AUTO_INCREMENT for table `personal_access_tokens`
--
ALTER TABLE `personal_access_tokens`
  MODIFY `id` bigint(20) UNSIGNED NOT NULL AUTO_INCREMENT;

--
-- AUTO_INCREMENT for table `topics`
--
ALTER TABLE `topics`
  MODIFY `id` bigint(20) UNSIGNED NOT NULL AUTO_INCREMENT, AUTO_INCREMENT=55;

--
-- AUTO_INCREMENT for table `users`
--
ALTER TABLE `users`
  MODIFY `id` bigint(20) UNSIGNED NOT NULL AUTO_INCREMENT, AUTO_INCREMENT=26;
COMMIT;

/*!40101 SET CHARACTER_SET_CLIENT=@OLD_CHARACTER_SET_CLIENT */;
/*!40101 SET CHARACTER_SET_RESULTS=@OLD_CHARACTER_SET_RESULTS */;
/*!40101 SET COLLATION_CONNECTION=@OLD_COLLATION_CONNECTION */;
